date,albedo_wsb,station
2015-01-01,0.23597144502953535,riyadh
2015-01-02,0.2511769671860807,riyadh
2015-01-03,0.24597923774645297,riyadh
2015-01-04,0.23536736180595072,riyadh
2015-01-05,0.25165608101068676,riyadh
2015-01-06,0.24850771286363305,riyadh
2015-01-07,0.2367652895940186,riyadh
2015-01-08,0.25079945935467496,riyadh
2015-01-09,0.24625993821951062,riyadh
2015-01-10,0.24223729050879517,riyadh
2015-01-11,0.24028823909103045,riyadh
2015-01-12,0.22668994947191334,riyadh
2015-01-13,0.23712655699331883,riyadh
2015-01-14,0.24380584798672292,riyadh
2015-01-15,0.24945264432952674,riyadh
2015-01-16,0.2557136860705817,riyadh
2015-01-17,0.23864069210032407,riyadh
2015-01-18,0.2483515632429156,riyadh
2015-01-19,0.2504295487689503,riyadh
2015-01-20,0.2222140895791401,riyadh
2015-01-21,0.237424311933737,riyadh
2015-01-22,0.2531366574400951,riyadh
2015-01-23,0.24680502850427558,riyadh
2015-01-24,0.2356386254134401,riyadh
2015-01-25,0.22577892430076413,riyadh
2015-01-26,0.2572371214620729,riyadh
2015-01-27,0.24286792890737025,riyadh
2015-01-28,0.24226688382361608,riyadh
2015-01-29,0.2354578083316937,riyadh
2015-01-30,0.2504921302942684,riyadh
2015-01-31,0.24437479843968668,riyadh
2015-02-01,0.25978509906063696,riyadh
2015-02-02,0.25373855146617386,riyadh
2015-02-03,0.23491979825524295,riyadh
2015-02-04,0.23896053438705697,riyadh
2015-02-05,0.25210399676028655,riyadh
2015-02-06,0.2419594960632129,riyadh
2015-02-07,0.2501156166257463,riyadh
2015-02-08,0.25146802910343624,riyadh
2015-02-09,0.2540847270011022,riyadh
2015-02-10,0.257882825138,riyadh
2015-02-11,0.24256840126722318,riyadh
2015-02-12,0.2551646430569006,riyadh
2015-02-13,0.2520525051643763,riyadh
2015-02-14,0.2491377017645154,riyadh
2015-02-15,0.24697273330573666,riyadh
2015-02-16,0.2574922189947715,riyadh
2015-02-17,0.258762310094441,riyadh
2015-02-18,0.24497735202842275,riyadh
2015-02-19,0.25524633799970925,riyadh
2015-02-20,0.2533874206595435,riyadh
2015-02-21,0.2735670398286596,riyadh
2015-02-22,0.2621507815864733,riyadh
2015-02-23,0.26638228749883347,riyadh
2015-02-24,0.2674837303887429,riyadh
2015-02-25,0.2457673579168785,riyadh
2015-02-26,0.24793508055311383,riyadh
2015-02-27,0.2661441883504706,riyadh
2015-02-28,0.256360312822764,riyadh
2015-03-01,0.2538066157825647,riyadh
2015-03-02,0.2595258712843852,riyadh
2015-03-03,0.2643150580060097,riyadh
2015-03-04,0.26761917823869913,riyadh
2015-03-05,0.27613268258358264,riyadh
2015-03-06,0.25780483103172375,riyadh
2015-03-07,0.26185779411221727,riyadh
2015-03-08,0.26803460270463497,riyadh
2015-03-09,0.2560057841397451,riyadh
2015-03-10,0.26915264748544687,riyadh
2015-03-11,0.255835834724935,riyadh
2015-03-12,0.27487252685847857,riyadh
2015-03-13,0.2701271401126875,riyadh
2015-03-14,0.2691936693106307,riyadh
2015-03-15,0.2544618375799515,riyadh
2015-03-16,0.2775112893860557,riyadh
2015-03-17,0.28440815438495726,riyadh
2015-03-18,0.2817418706716913,riyadh
2015-03-19,0.280792250754391,riyadh
2015-03-20,0.2581224776369229,riyadh
2015-03-21,0.2863460013188135,riyadh
2015-03-22,0.2780546630458834,riyadh
2015-03-23,0.2718788025808479,riyadh
2015-03-24,0.2768439719459584,riyadh
2015-03-25,0.29165766464755444,riyadh
2015-03-26,0.28377770082334275,riyadh
2015-03-27,0.2790090228240138,riyadh
2015-03-28,0.28362026103870075,riyadh
2015-03-29,0.26989962905381554,riyadh
2015-03-30,0.2952953946623862,riyadh
2015-03-31,0.2727832336563624,riyadh
2015-04-01,0.28459729757063085,riyadh
2015-04-02,0.28025433581162057,riyadh
2015-04-03,0.2812406187866532,riyadh
2015-04-04,0.28179819421278335,riyadh
2015-04-05,0.2999912751295511,riyadh
2015-04-06,0.280144956590011,riyadh
2015-04-07,0.262090500626196,riyadh
2015-04-08,0.28990611163890434,riyadh
2015-04-09,0.25905344420434573,riyadh
2015-04-10,0.288670083034148,riyadh
2015-04-11,0.2900077828556993,riyadh
2015-04-12,0.2823748301880762,riyadh
2015-04-13,0.28794957232296164,riyadh
2015-04-14,0.28985561753607486,riyadh
2015-04-15,0.28164898359898877,riyadh
2015-04-16,0.2938047849652199,riyadh
2015-04-17,0.2968212435521907,riyadh
2015-04-18,0.29367683651848786,riyadh
2015-04-19,0.28609691073754473,riyadh
2015-04-20,0.29084723034408716,riyadh
2015-04-21,0.2923132013579441,riyadh
2015-04-22,0.31005092181455957,riyadh
2015-04-23,0.2815096082695779,riyadh
2015-04-24,0.2870787300738925,riyadh
2015-04-25,0.28609321263378507,riyadh
2015-04-26,0.3083084995448586,riyadh
2015-04-27,0.29047547533923535,riyadh
2015-04-28,0.30568252015145814,riyadh
2015-04-29,0.2906436161867166,riyadh
2015-04-30,0.30271434519608503,riyadh
2015-05-01,0.3062723373381222,riyadh
2015-05-02,0.2956904910184708,riyadh
2015-05-03,0.2848620838864687,riyadh
2015-05-04,0.3071746301410791,riyadh
2015-05-05,0.30673740293874474,riyadh
2015-05-06,0.3067840771421774,riyadh
2015-05-07,0.30564324078787175,riyadh
2015-05-08,0.309962630512605,riyadh
2015-05-09,0.2903400634881292,riyadh
2015-05-10,0.2977355846752371,riyadh
2015-05-11,0.3118311959883034,riyadh
2015-05-12,0.3099694044136326,riyadh
2015-05-13,0.3159494673023611,riyadh
2015-05-14,0.31540273468943775,riyadh
2015-05-15,0.31140668011076067,riyadh
2015-05-16,0.3171441319549389,riyadh
2015-05-17,0.3162963915623265,riyadh
2015-05-18,0.30224458793455417,riyadh
2015-05-19,0.3157207036630544,riyadh
2015-05-20,0.3083419435679054,riyadh
2015-05-21,0.30132765306009324,riyadh
2015-05-22,0.2975369049059754,riyadh
2015-05-23,0.3031049109969379,riyadh
2015-05-24,0.3157485091011134,riyadh
2015-05-25,0.3156713498334241,riyadh
2015-05-26,0.31753458879888086,riyadh
2015-05-27,0.3078810125211898,riyadh
2015-05-28,0.3048790029738179,riyadh
2015-05-29,0.3113183464201054,riyadh
2015-05-30,0.3153296160659026,riyadh
2015-05-31,0.3261486610988417,riyadh
2015-06-01,0.31194902470663266,riyadh
2015-06-02,0.29770443619837994,riyadh
2015-06-03,0.3040291410415523,riyadh
2015-06-04,0.3112160849591778,riyadh
2015-06-05,0.31252572901848397,riyadh
2015-06-06,0.3155739309330002,riyadh
2015-06-07,0.32341079106281473,riyadh
2015-06-08,0.31885449942244987,riyadh
2015-06-09,0.318078718753424,riyadh
2015-06-10,0.3193809113142045,riyadh
2015-06-11,0.3392749107092153,riyadh
2015-06-12,0.3100295223819025,riyadh
2015-06-13,0.3088727646038853,riyadh
2015-06-14,0.3130915810432223,riyadh
2015-06-15,0.3278035868219389,riyadh
2015-06-16,0.3341756766564036,riyadh
2015-06-17,0.3059725409509244,riyadh
2015-06-18,0.31556558764185483,riyadh
2015-06-19,0.3153523438547482,riyadh
2015-06-20,0.3223612231220398,riyadh
2015-06-21,0.3194075325960235,riyadh
2015-06-22,0.30439991820567086,riyadh
2015-06-23,0.3226219479101975,riyadh
2015-06-24,0.32658181274790987,riyadh
2015-06-25,0.3278912174661406,riyadh
2015-06-26,0.3216380114666669,riyadh
2015-06-27,0.3337110203222616,riyadh
2015-06-28,0.3308532912257659,riyadh
2015-06-29,0.3154046777106151,riyadh
2015-06-30,0.3140229109429175,riyadh
2015-07-01,0.3291348175006153,riyadh
2015-07-02,0.33103889662872954,riyadh
2015-07-03,0.3162874441149524,riyadh
2015-07-04,0.32560285972457165,riyadh
2015-07-05,0.3209776373850816,riyadh
2015-07-06,0.322532163839151,riyadh
2015-07-07,0.3268701910509844,riyadh
2015-07-08,0.31799516524359117,riyadh
2015-07-09,0.322018933590818,riyadh
2015-07-10,0.3210571552239162,riyadh
2015-07-11,0.3117988477982222,riyadh
2015-07-12,0.3148106499984529,riyadh
2015-07-13,0.3234162477660256,riyadh
2015-07-14,0.326473043445431,riyadh
2015-07-15,0.334956511900054,riyadh
2015-07-16,0.3137368824332389,riyadh
2015-07-17,0.31488010730838145,riyadh
2015-07-18,0.31755355500774973,riyadh
2015-07-19,0.3017446408033356,riyadh
2015-07-20,0.30859940496453964,riyadh
2015-07-21,0.3177414344521224,riyadh
2015-07-22,0.3162888928104191,riyadh
2015-07-23,0.3154237303828813,riyadh
2015-07-24,0.33149338042376103,riyadh
2015-07-25,0.32499498570607915,riyadh
2015-07-26,0.32635532695263375,riyadh
2015-07-27,0.3360409751874444,riyadh
2015-07-28,0.3250685680922006,riyadh
2015-07-29,0.3265968135199516,riyadh
2015-07-30,0.3089095339614413,riyadh
2015-07-31,0.319417126897301,riyadh
2015-08-01,0.320502350893197,riyadh
2015-08-02,0.30985483961714255,riyadh
2015-08-03,0.32549705594306866,riyadh
2015-08-04,0.30750679706981376,riyadh
2015-08-05,0.33098520717557495,riyadh
2015-08-06,0.3106376734573258,riyadh
2015-08-07,0.3161761087910743,riyadh
2015-08-08,0.3089725533102381,riyadh
2015-08-09,0.30734640135946023,riyadh
2015-08-10,0.3120170893856948,riyadh
2015-08-11,0.2932884458819766,riyadh
2015-08-12,0.31517812659777705,riyadh
2015-08-13,0.29643693060633314,riyadh
2015-08-14,0.30891669177774267,riyadh
2015-08-15,0.30900708950157807,riyadh
2015-08-16,0.31127770438723534,riyadh
2015-08-17,0.2937098897280281,riyadh
2015-08-18,0.2960407147722517,riyadh
2015-08-19,0.3041656835925027,riyadh
2015-08-20,0.3110422089298834,riyadh
2015-08-21,0.29897474452521666,riyadh
2015-08-22,0.3128277453575454,riyadh
2015-08-23,0.30230890275738914,riyadh
2015-08-24,0.2920627198196798,riyadh
2015-08-25,0.3230145244844538,riyadh
2015-08-26,0.3000111425381573,riyadh
2015-08-27,0.30470169867391833,riyadh
2015-08-28,0.3036163645526687,riyadh
2015-08-29,0.30303186309162855,riyadh
2015-08-30,0.28888651000688453,riyadh
2015-08-31,0.28447962289323786,riyadh
2015-09-01,0.29464484863973023,riyadh
2015-09-02,0.2969404149416862,riyadh
2015-09-03,0.3033806850423363,riyadh
2015-09-04,0.29352486579918236,riyadh
2015-09-05,0.27884315640220714,riyadh
2015-09-06,0.2893995052957232,riyadh
2015-09-07,0.2919470075759339,riyadh
2015-09-08,0.28989364482321456,riyadh
2015-09-09,0.29027067181806676,riyadh
2015-09-10,0.29554425829112957,riyadh
2015-09-11,0.3035321899584644,riyadh
2015-09-12,0.27427479592478893,riyadh
2015-09-13,0.293594229306281,riyadh
2015-09-14,0.3086335720158711,riyadh
2015-09-15,0.28618127307707314,riyadh
2015-09-16,0.2839544644456304,riyadh
2015-09-17,0.2764981360357098,riyadh
2015-09-18,0.29660483041359514,riyadh
2015-09-19,0.2742381449414485,riyadh
2015-09-20,0.3043814683444267,riyadh
2015-09-21,0.28829257220375165,riyadh
2015-09-22,0.2828789816127383,riyadh
2015-09-23,0.28030098922945246,riyadh
2015-09-24,0.2784480668844239,riyadh
2015-09-25,0.28756128289144023,riyadh
2015-09-26,0.2899096417492482,riyadh
2015-09-27,0.2763206257148155,riyadh
2015-09-28,0.28343924788779384,riyadh
2015-09-29,0.2723528163755413,riyadh
2015-09-30,0.2610111442518424,riyadh
2015-10-01,0.2836895569505334,riyadh
2015-10-02,0.279305478316246,riyadh
2015-10-03,0.2824130660333852,riyadh
2015-10-04,0.27644515741934345,riyadh
2015-10-05,0.2797189587999728,riyadh
2015-10-06,0.26934315704325645,riyadh
2015-10-07,0.27351015694957925,riyadh
2015-10-08,0.2664208927735147,riyadh
2015-10-09,0.2764323490584185,riyadh
2015-10-10,0.276902279319462,riyadh
2015-10-11,0.28035887988357644,riyadh
2015-10-12,0.26800939613382146,riyadh
2015-10-13,0.2755947580689941,riyadh
2015-10-14,0.257922355935723,riyadh
2015-10-15,0.2644270901252976,riyadh
2015-10-16,0.26257847175229504,riyadh
2015-10-17,0.2714942416380407,riyadh
2015-10-18,0.2625980463706445,riyadh
2015-10-19,0.26651012478810043,riyadh
2015-10-20,0.2779083439475081,riyadh
2015-10-21,0.2534129924903479,riyadh
2015-10-22,0.26632589912835397,riyadh
2015-10-23,0.2597867189847753,riyadh
2015-10-24,0.2669060031160582,riyadh
2015-10-25,0.2675208487095497,riyadh
2015-10-26,0.26445207368484536,riyadh
2015-10-27,0.27335246377350236,riyadh
2015-10-28,0.2539212042587166,riyadh
2015-10-29,0.2659646233400597,riyadh
2015-10-30,0.25492111218829006,riyadh
2015-10-31,0.2503952291319677,riyadh
2015-11-01,0.2536608948659702,riyadh
2015-11-02,0.25090421531420604,riyadh
2015-11-03,0.2642866281606339,riyadh
2015-11-04,0.2510544986621457,riyadh
2015-11-05,0.246091548395775,riyadh
2015-11-06,0.25566750115093967,riyadh
2015-11-07,0.25489481674376624,riyadh
2015-11-08,0.24756058378080806,riyadh
2015-11-09,0.24450471604605417,riyadh
2015-11-10,0.24309897431932947,riyadh
2015-11-11,0.2501525790488961,riyadh
2015-11-12,0.2480344439554244,riyadh
2015-11-13,0.24623535276156663,riyadh
2015-11-14,0.25086788607632543,riyadh
2015-11-15,0.25930736624175094,riyadh
2015-11-16,0.24883590716661627,riyadh
2015-11-17,0.24920142779381405,riyadh
2015-11-18,0.24386101467623794,riyadh
2015-11-19,0.2526949517365076,riyadh
2015-11-20,0.24585867827156804,riyadh
2015-11-21,0.25117519803864335,riyadh
2015-11-22,0.2492775794198253,riyadh
2015-11-23,0.2590511428532675,riyadh
2015-11-24,0.24306279785397536,riyadh
2015-11-25,0.2673049787513109,riyadh
2015-11-26,0.23695179859952534,riyadh
2015-11-27,0.2549774288176086,riyadh
2015-11-28,0.24048941166252077,riyadh
2015-11-29,0.24189041060960587,riyadh
2015-11-30,0.24391761369249337,riyadh
2015-12-01,0.2281018438964617,riyadh
2015-12-02,0.2436346480334008,riyadh
2015-12-03,0.2556615802436168,riyadh
2015-12-04,0.2455646103992971,riyadh
2015-12-05,0.22668419746738452,riyadh
2015-12-06,0.23845562304148588,riyadh
2015-12-07,0.24456088384883212,riyadh
2015-12-08,0.2602049388005214,riyadh
2015-12-09,0.2385313607918445,riyadh
2015-12-10,0.24364215917225723,riyadh
2015-12-11,0.24388927743274488,riyadh
2015-12-12,0.23439242305705424,riyadh
2015-12-13,0.23692668522656124,riyadh
2015-12-14,0.24394644622437192,riyadh
2015-12-15,0.22477951762840365,riyadh
2015-12-16,0.2370793395593261,riyadh
2015-12-17,0.2298568523605687,riyadh
2015-12-18,0.252181164133391,riyadh
2015-12-19,0.262602900219351,riyadh
2015-12-20,0.24153973153887465,riyadh
2015-12-21,0.24168784825871226,riyadh
2015-12-22,0.23879358355883243,riyadh
2015-12-23,0.22718420417836105,riyadh
2015-12-24,0.23446361555889994,riyadh
2015-12-25,0.24596425874103933,riyadh
2015-12-26,0.24005656720790292,riyadh
2015-12-27,0.24881610233160784,riyadh
2015-12-28,0.2323061232900967,riyadh
2015-12-29,0.23708489048588355,riyadh
2015-12-30,0.25435963371258175,riyadh
2015-12-31,0.2277119998236074,riyadh
2016-01-01,0.2377856900257259,riyadh
2016-01-02,0.231719370605438,riyadh
2016-01-03,0.2434065332776248,riyadh
2016-01-04,0.2529176402618481,riyadh
2016-01-05,0.23256699368764022,riyadh
2016-01-06,0.24407711630353462,riyadh
2016-01-07,0.2429988580848892,riyadh
2016-01-08,0.2454782615556739,riyadh
2016-01-09,0.2421904155132227,riyadh
2016-01-10,0.2426499317753394,riyadh
2016-01-11,0.24457504897568538,riyadh
2016-01-12,0.23456714267667955,riyadh
2016-01-13,0.24687607034921358,riyadh
2016-01-14,0.23181464414225103,riyadh
2016-01-15,0.2267162523632291,riyadh
2016-01-16,0.23091654445223037,riyadh
2016-01-17,0.24676120894399473,riyadh
2016-01-18,0.24731387073515612,riyadh
2016-01-19,0.2610569853176849,riyadh
2016-01-20,0.24194519172987475,riyadh
2016-01-21,0.24736662001087079,riyadh
2016-01-22,0.2531430378263298,riyadh
2016-01-23,0.2563543668723627,riyadh
2016-01-24,0.24254160117151743,riyadh
2016-01-25,0.2489774040556884,riyadh
2016-01-26,0.25415995125406604,riyadh
2016-01-27,0.24084002462336143,riyadh
2016-01-28,0.25322475386441595,riyadh
2016-01-29,0.2402305706895826,riyadh
2016-01-30,0.2472546394586963,riyadh
2016-01-31,0.24610321895489518,riyadh
2016-02-01,0.23477373893648756,riyadh
2016-02-02,0.24967628822920077,riyadh
2016-02-03,0.2481663554843238,riyadh
2016-02-04,0.2406347349584452,riyadh
2016-02-05,0.23972947237067022,riyadh
2016-02-06,0.23580511629666803,riyadh
2016-02-07,0.2543725590109458,riyadh
2016-02-08,0.2533346583658992,riyadh
2016-02-09,0.2492966351096055,riyadh
2016-02-10,0.2518847325794755,riyadh
2016-02-11,0.2605782028933469,riyadh
2016-02-12,0.24924120514343961,riyadh
2016-02-13,0.25652102566729024,riyadh
2016-02-14,0.2569799631938378,riyadh
2016-02-15,0.25341382380968075,riyadh
2016-02-16,0.25639216330153086,riyadh
2016-02-17,0.26334560648491184,riyadh
2016-02-18,0.2648585113801405,riyadh
2016-02-19,0.2549004627269633,riyadh
2016-02-20,0.27028116381417494,riyadh
2016-02-21,0.25132547315844217,riyadh
2016-02-22,0.25767595224724715,riyadh
2016-02-23,0.25788898750491784,riyadh
2016-02-24,0.2669756481170769,riyadh
2016-02-25,0.26732356816476854,riyadh
2016-02-26,0.268511315571477,riyadh
2016-02-27,0.25776256979096085,riyadh
2016-02-28,0.2598488935799248,riyadh
2016-02-29,0.25540683357503147,riyadh
2016-03-01,0.2519890547162674,riyadh
2016-03-02,0.25029519235663533,riyadh
2016-03-03,0.26293215381511187,riyadh
2016-03-04,0.2634786670602007,riyadh
2016-03-05,0.25949643568199543,riyadh
2016-03-06,0.25471069674167646,riyadh
2016-03-07,0.2792903079895863,riyadh
2016-03-08,0.2749733027394853,riyadh
2016-03-09,0.2644052824735126,riyadh
2016-03-10,0.273379049554524,riyadh
2016-03-11,0.2677682322975498,riyadh
2016-03-12,0.2561515950091708,riyadh
2016-03-13,0.27815417553831717,riyadh
2016-03-14,0.2729868660505978,riyadh
2016-03-15,0.28266533033686386,riyadh
2016-03-16,0.269652405678088,riyadh
2016-03-17,0.2734760562876442,riyadh
2016-03-18,0.2598639332147518,riyadh
2016-03-19,0.2743056699688244,riyadh
2016-03-20,0.2720251477670134,riyadh
2016-03-21,0.27938482503415923,riyadh
2016-03-22,0.2674488512135038,riyadh
2016-03-23,0.255420611525035,riyadh
2016-03-24,0.28276048087167355,riyadh
2016-03-25,0.2762332567199571,riyadh
2016-03-26,0.2843329660669,riyadh
2016-03-27,0.2705036889254565,riyadh
2016-03-28,0.27601283409528365,riyadh
2016-03-29,0.27525243654808845,riyadh
2016-03-30,0.27723270970710634,riyadh
2016-03-31,0.285112016693921,riyadh
2016-04-01,0.2788583345674583,riyadh
2016-04-02,0.28728096190826646,riyadh
2016-04-03,0.28626107215358493,riyadh
2016-04-04,0.2868210254444665,riyadh
2016-04-05,0.2873964471141468,riyadh
2016-04-06,0.28451655336760195,riyadh
2016-04-07,0.27849625985543325,riyadh
2016-04-08,0.3015531690883563,riyadh
2016-04-09,0.28728574343738855,riyadh
2016-04-10,0.2896687148166379,riyadh
2016-04-11,0.30097157867060403,riyadh
2016-04-12,0.28373098669405716,riyadh
2016-04-13,0.2871056782620794,riyadh
2016-04-14,0.3004030647489,riyadh
2016-04-15,0.30059098110821303,riyadh
2016-04-16,0.28800505941645305,riyadh
2016-04-17,0.29638268933608225,riyadh
2016-04-18,0.2969193569253455,riyadh
2016-04-19,0.29407407957467824,riyadh
2016-04-20,0.29089693427850016,riyadh
2016-04-21,0.28713497618144124,riyadh
2016-04-22,0.30533152470304237,riyadh
2016-04-23,0.2865573638468917,riyadh
2016-04-24,0.30882588770311775,riyadh
2016-04-25,0.2817068331696681,riyadh
2016-04-26,0.30242982652827677,riyadh
2016-04-27,0.2842982081690166,riyadh
2016-04-28,0.3062861538936048,riyadh
2016-04-29,0.2923646204064074,riyadh
2016-04-30,0.3113973932320311,riyadh
2016-05-01,0.31246383429728186,riyadh
2016-05-02,0.30391838429942264,riyadh
2016-05-03,0.30803631741924464,riyadh
2016-05-04,0.31146177016251525,riyadh
2016-05-05,0.29217235745511916,riyadh
2016-05-06,0.3002078574513261,riyadh
2016-05-07,0.30064058186079234,riyadh
2016-05-08,0.3056839201015701,riyadh
2016-05-09,0.3097506991004039,riyadh
2016-05-10,0.30804814383865153,riyadh
2016-05-11,0.31345735148355935,riyadh
2016-05-12,0.29208197946527303,riyadh
2016-05-13,0.2999525128642405,riyadh
2016-05-14,0.29998638150726503,riyadh
2016-05-15,0.30941652133604525,riyadh
2016-05-16,0.312193421201188,riyadh
2016-05-17,0.31324852769225897,riyadh
2016-05-18,0.31592801536485127,riyadh
2016-05-19,0.3101882605217331,riyadh
2016-05-20,0.30680801585054845,riyadh
2016-05-21,0.3085518894249747,riyadh
2016-05-22,0.32287171351938293,riyadh
2016-05-23,0.32071815359568795,riyadh
2016-05-24,0.3125280051433559,riyadh
2016-05-25,0.31186455715080397,riyadh
2016-05-26,0.30904163922221084,riyadh
2016-05-27,0.3135759567528424,riyadh
2016-05-28,0.3190288617128834,riyadh
2016-05-29,0.3141764084795667,riyadh
2016-05-30,0.3009043982789786,riyadh
2016-05-31,0.3257879904847272,riyadh
2016-06-01,0.3228518427016961,riyadh
2016-06-02,0.31661820813446734,riyadh
2016-06-03,0.32039625976154645,riyadh
2016-06-04,0.32065160919226954,riyadh
2016-06-05,0.3193053107382075,riyadh
2016-06-06,0.3249081791644725,riyadh
2016-06-07,0.3177913070928524,riyadh
2016-06-08,0.32322802832934805,riyadh
2016-06-09,0.3203166036796844,riyadh
2016-06-10,0.3186350498262274,riyadh
2016-06-11,0.32719845459464747,riyadh
2016-06-12,0.322307227132932,riyadh
2016-06-13,0.3151966843155501,riyadh
2016-06-14,0.32535162031106013,riyadh
2016-06-15,0.32238411514982224,riyadh
2016-06-16,0.3065812482278464,riyadh
2016-06-17,0.3230742965767147,riyadh
2016-06-18,0.318736043112615,riyadh
2016-06-19,0.31737620472570727,riyadh
2016-06-20,0.3026809520404276,riyadh
2016-06-21,0.3149507943877651,riyadh
2016-06-22,0.31203257312749577,riyadh
2016-06-23,0.31013780718769357,riyadh
2016-06-24,0.3138906721721595,riyadh
2016-06-25,0.3146836697541272,riyadh
2016-06-26,0.3243692822628702,riyadh
2016-06-27,0.3216736799118397,riyadh
2016-06-28,0.32051926598659164,riyadh
2016-06-29,0.3049785380205701,riyadh
2016-06-30,0.3184160329659366,riyadh
2016-07-01,0.31087901469560414,riyadh
2016-07-02,0.324113752193471,riyadh
2016-07-03,0.3196153477308081,riyadh
2016-07-04,0.3188863095884191,riyadh
2016-07-05,0.32247445616098075,riyadh
2016-07-06,0.30540960156199987,riyadh
2016-07-07,0.32120674998786886,riyadh
2016-07-08,0.31934546351486953,riyadh
2016-07-09,0.316353921298654,riyadh
2016-07-10,0.31504757572315056,riyadh
2016-07-11,0.32858186794506405,riyadh
2016-07-12,0.3209010160140978,riyadh
2016-07-13,0.3046749115010634,riyadh
2016-07-14,0.3081644016917153,riyadh
2016-07-15,0.3220081449409798,riyadh
2016-07-16,0.3293481907005391,riyadh
2016-07-17,0.32193349799933496,riyadh
2016-07-18,0.3298716468235609,riyadh
2016-07-19,0.3054508056649654,riyadh
2016-07-20,0.31264187675891786,riyadh
2016-07-21,0.31599792676368715,riyadh
2016-07-22,0.323644241453131,riyadh
2016-07-23,0.30395301348976206,riyadh
2016-07-24,0.31819714628294216,riyadh
2016-07-25,0.3162878310156879,riyadh
2016-07-26,0.3237164667886354,riyadh
2016-07-27,0.31081335158292056,riyadh
2016-07-28,0.3327893711875692,riyadh
2016-07-29,0.3122237453206097,riyadh
2016-07-30,0.31884866427721104,riyadh
2016-07-31,0.3119732704347779,riyadh
2016-08-01,0.3214693294571829,riyadh
2016-08-02,0.3257637106631814,riyadh
2016-08-03,0.3068556721220447,riyadh
2016-08-04,0.3020250737901295,riyadh
2016-08-05,0.3087233770662768,riyadh
2016-08-06,0.31979299833766794,riyadh
2016-08-07,0.30633628143079084,riyadh
2016-08-08,0.3131944302333816,riyadh
2016-08-09,0.30329886814053525,riyadh
2016-08-10,0.30293509483771064,riyadh
2016-08-11,0.31203475235811295,riyadh
2016-08-12,0.3169085638683237,riyadh
2016-08-13,0.30170995548956603,riyadh
2016-08-14,0.32821795880759697,riyadh
2016-08-15,0.30735116525555933,riyadh
2016-08-16,0.3203225786280693,riyadh
2016-08-17,0.30093884808598814,riyadh
2016-08-18,0.296921258788955,riyadh
2016-08-19,0.3087710015616222,riyadh
2016-08-20,0.29767278209114056,riyadh
2016-08-21,0.3134278106962924,riyadh
2016-08-22,0.30671082449076753,riyadh
2016-08-23,0.29493149640304117,riyadh
2016-08-24,0.2922233700972835,riyadh
2016-08-25,0.2998542091516424,riyadh
2016-08-26,0.2974739603028366,riyadh
2016-08-27,0.2990381477905439,riyadh
2016-08-28,0.28646240961667707,riyadh
2016-08-29,0.2968357613893898,riyadh
2016-08-30,0.3037458314322015,riyadh
2016-08-31,0.2880539880764215,riyadh
2016-09-01,0.3075105664041526,riyadh
2016-09-02,0.29519774918907415,riyadh
2016-09-03,0.294128418195597,riyadh
2016-09-04,0.3068619406201506,riyadh
2016-09-05,0.3018188357296476,riyadh
2016-09-06,0.2927029149054301,riyadh
2016-09-07,0.2833859338678042,riyadh
2016-09-08,0.3001564126749211,riyadh
2016-09-09,0.30116245125388896,riyadh
2016-09-10,0.3020778811711436,riyadh
2016-09-11,0.292838563759996,riyadh
2016-09-12,0.2873354650512994,riyadh
2016-09-13,0.2755225754282547,riyadh
2016-09-14,0.30054761168769917,riyadh
2016-09-15,0.2924707238177726,riyadh
2016-09-16,0.2869464858472118,riyadh
2016-09-17,0.27586310316619084,riyadh
2016-09-18,0.2934774513902491,riyadh
2016-09-19,0.27787053677997764,riyadh
2016-09-20,0.2873359835851705,riyadh
2016-09-21,0.2971629419910485,riyadh
2016-09-22,0.28943793437423204,riyadh
2016-09-23,0.2895736718674956,riyadh
2016-09-24,0.2811509192077375,riyadh
2016-09-25,0.29614984127364513,riyadh
2016-09-26,0.26292563097726784,riyadh
2016-09-27,0.2820704732881373,riyadh
2016-09-28,0.2941175532220897,riyadh
2016-09-29,0.28873784049162265,riyadh
2016-09-30,0.28118443359349826,riyadh
2016-10-01,0.2689107557719649,riyadh
2016-10-02,0.2776637730615294,riyadh
2016-10-03,0.27017686784976164,riyadh
2016-10-04,0.28528923540121987,riyadh
2016-10-05,0.28490781770364293,riyadh
2016-10-06,0.2743271768859865,riyadh
2016-10-07,0.2664952451705377,riyadh
2016-10-08,0.2733754205025008,riyadh
2016-10-09,0.2753936437824661,riyadh
2016-10-10,0.26537132875903774,riyadh
2016-10-11,0.2689659373650317,riyadh
2016-10-12,0.2744254005003496,riyadh
2016-10-13,0.26728539571380805,riyadh
2016-10-14,0.26530439878662876,riyadh
2016-10-15,0.26120058122871154,riyadh
2016-10-16,0.2792591670873539,riyadh
2016-10-17,0.26696802921064977,riyadh
2016-10-18,0.2767771936821815,riyadh
2016-10-19,0.2766305649889299,riyadh
2016-10-20,0.2666381060983176,riyadh
2016-10-21,0.271163195320736,riyadh
2016-10-22,0.26276814916725,riyadh
2016-10-23,0.2684918299786649,riyadh
2016-10-24,0.26678554325621356,riyadh
2016-10-25,0.25651294488499576,riyadh
2016-10-26,0.2517575373414371,riyadh
2016-10-27,0.25710837403976883,riyadh
2016-10-28,0.24327196045908292,riyadh
2016-10-29,0.24995874948030233,riyadh
2016-10-30,0.24109335628397816,riyadh
2016-10-31,0.27596738323815734,riyadh
2016-11-01,0.2555212270902297,riyadh
2016-11-02,0.24559813428449045,riyadh
2016-11-03,0.23489878595080566,riyadh
2016-11-04,0.26595258836308105,riyadh
2016-11-05,0.26201020910511774,riyadh
2016-11-06,0.2599321475566504,riyadh
2016-11-07,0.25554780249500664,riyadh
2016-11-08,0.2669630992871419,riyadh
2016-11-09,0.258668853896893,riyadh
2016-11-10,0.2478515289668825,riyadh
2016-11-11,0.24768051332311292,riyadh
2016-11-12,0.24509231324224542,riyadh
2016-11-13,0.25436424515147243,riyadh
2016-11-14,0.24790338118627378,riyadh
2016-11-15,0.2640666731422641,riyadh
2016-11-16,0.2441386166079032,riyadh
2016-11-17,0.25139568204122137,riyadh
2016-11-18,0.2498425420739638,riyadh
2016-11-19,0.24495677112455744,riyadh
2016-11-20,0.24355823362796722,riyadh
2016-11-21,0.24876335206890307,riyadh
2016-11-22,0.2426505474538217,riyadh
2016-11-23,0.2466912074165007,riyadh
2016-11-24,0.24632934267877324,riyadh
2016-11-25,0.24342528227093452,riyadh
2016-11-26,0.2350516525035048,riyadh
2016-11-27,0.23993340003033936,riyadh
2016-11-28,0.24485910563385074,riyadh
2016-11-29,0.24236638404911956,riyadh
2016-11-30,0.23993477100751656,riyadh
2016-12-01,0.2441688789941079,riyadh
2016-12-02,0.23708612646106442,riyadh
2016-12-03,0.2339842772006751,riyadh
2016-12-04,0.23511329056869995,riyadh
2016-12-05,0.23293095295690697,riyadh
2016-12-06,0.2511531931093815,riyadh
2016-12-07,0.24770225021844958,riyadh
2016-12-08,0.23938221541673005,riyadh
2016-12-09,0.23718346749076266,riyadh
2016-12-10,0.23733817272339391,riyadh
2016-12-11,0.2287517552316015,riyadh
2016-12-12,0.2499320659931452,riyadh
2016-12-13,0.24174874681804118,riyadh
2016-12-14,0.23585187513678327,riyadh
2016-12-15,0.23303750569756862,riyadh
2016-12-16,0.23872043767109186,riyadh
2016-12-17,0.2400380906648048,riyadh
2016-12-18,0.24785306097766105,riyadh
2016-12-19,0.2432698711978838,riyadh
2016-12-20,0.24198154457252127,riyadh
2016-12-21,0.23082399631983563,riyadh
2016-12-22,0.24329162515643177,riyadh
2016-12-23,0.23576138645580005,riyadh
2016-12-24,0.22924929151477474,riyadh
2016-12-25,0.24502219495176306,riyadh
2016-12-26,0.24660390911355912,riyadh
2016-12-27,0.24052062436932575,riyadh
2016-12-28,0.24302735478207052,riyadh
2016-12-29,0.23720099483315027,riyadh
2016-12-30,0.22677759193618022,riyadh
2016-12-31,0.23920838852954635,riyadh
2017-01-01,0.23587977906184737,riyadh
2017-01-02,0.24669111812706987,riyadh
2017-01-03,0.23843163418201033,riyadh
2017-01-04,0.24013806187107692,riyadh
2017-01-05,0.23613503662714566,riyadh
2017-01-06,0.23621673978344493,riyadh
2017-01-07,0.24892754851197235,riyadh
2017-01-08,0.23593445168272364,riyadh
2017-01-09,0.23982452851416827,riyadh
2017-01-10,0.241220265180365,riyadh
2017-01-11,0.24291928364488777,riyadh
2017-01-12,0.23485335450191924,riyadh
2017-01-13,0.24367941541064395,riyadh
2017-01-14,0.22332217223279938,riyadh
2017-01-15,0.25097392881270053,riyadh
2017-01-16,0.23332927790258517,riyadh
2017-01-17,0.23752265991242683,riyadh
2017-01-18,0.24038547031372598,riyadh
2017-01-19,0.23628853321084323,riyadh
2017-01-20,0.23130995845894067,riyadh
2017-01-21,0.23598405430600106,riyadh
2017-01-22,0.25256438497517536,riyadh
2017-01-23,0.24124084595823528,riyadh
2017-01-24,0.2347685198921195,riyadh
2017-01-25,0.23997800536351344,riyadh
2017-01-26,0.24238370373001866,riyadh
2017-01-27,0.24973784800430726,riyadh
2017-01-28,0.25785780775422246,riyadh
2017-01-29,0.24832745195012587,riyadh
2017-01-30,0.2572842957229464,riyadh
2017-01-31,0.2402256782189296,riyadh
2017-02-01,0.23188757616569014,riyadh
2017-02-02,0.2377483954796823,riyadh
2017-02-03,0.24394561776714502,riyadh
2017-02-04,0.2453659335001532,riyadh
2017-02-05,0.24822202158693576,riyadh
2017-02-06,0.2509491136659877,riyadh
2017-02-07,0.24623162488674952,riyadh
2017-02-08,0.24937411813103513,riyadh
2017-02-09,0.24652388689847934,riyadh
2017-02-10,0.257728768924305,riyadh
2017-02-11,0.24449620113313872,riyadh
2017-02-12,0.24990522753668845,riyadh
2017-02-13,0.24965710787765424,riyadh
2017-02-14,0.24088222095995457,riyadh
2017-02-15,0.2580060895828364,riyadh
2017-02-16,0.24651695008807115,riyadh
2017-02-17,0.2508898396862993,riyadh
2017-02-18,0.23488689963989845,riyadh
2017-02-19,0.25387106310003954,riyadh
2017-02-20,0.25726014650903384,riyadh
2017-02-21,0.2597730312036966,riyadh
2017-02-22,0.2490083652059234,riyadh
2017-02-23,0.2557125646571591,riyadh
2017-02-24,0.2581554878578366,riyadh
2017-02-25,0.2541816999742501,riyadh
2017-02-26,0.252507063170404,riyadh
2017-02-27,0.27698855469086603,riyadh
2017-02-28,0.2705181239041606,riyadh
2017-03-01,0.26850659637087804,riyadh
2017-03-02,0.2618315468842732,riyadh
2017-03-03,0.25971037138550873,riyadh
2017-03-04,0.26330043615802334,riyadh
2017-03-05,0.2564464020020107,riyadh
2017-03-06,0.2647370287712239,riyadh
2017-03-07,0.27545844345748915,riyadh
2017-03-08,0.26525769703111474,riyadh
2017-03-09,0.25349048304658445,riyadh
2017-03-10,0.2544607905332857,riyadh
2017-03-11,0.27142781005780214,riyadh
2017-03-12,0.2714166887935425,riyadh
2017-03-13,0.28166033328397627,riyadh
2017-03-14,0.2657511299742232,riyadh
2017-03-15,0.28009580734261114,riyadh
2017-03-16,0.27850070332600174,riyadh
2017-03-17,0.26767394438601055,riyadh
2017-03-18,0.2679166569814498,riyadh
2017-03-19,0.2675095578465171,riyadh
2017-03-20,0.2777735119226083,riyadh
2017-03-21,0.2713378957235313,riyadh
2017-03-22,0.2784210660527444,riyadh
2017-03-23,0.28776352527937543,riyadh
2017-03-24,0.2738302789028878,riyadh
2017-03-25,0.30161465085802436,riyadh
2017-03-26,0.26799204903727897,riyadh
2017-03-27,0.2607203302994719,riyadh
2017-03-28,0.2941214372607287,riyadh
2017-03-29,0.2783703481499686,riyadh
2017-03-30,0.26288832357064956,riyadh
2017-03-31,0.2796475836855823,riyadh
2017-04-01,0.2794165764201199,riyadh
2017-04-02,0.2999822983628181,riyadh
2017-04-03,0.2699579769459333,riyadh
2017-04-04,0.28984241546917905,riyadh
2017-04-05,0.2914769665512803,riyadh
2017-04-06,0.27019405011597164,riyadh
2017-04-07,0.2804109026278885,riyadh
2017-04-08,0.26083437877689103,riyadh
2017-04-09,0.2896302529199149,riyadh
2017-04-10,0.2908644170181222,riyadh
2017-04-11,0.2901916132462113,riyadh
2017-04-12,0.2894476581109033,riyadh
2017-04-13,0.2973104607229277,riyadh
2017-04-14,0.2772037411254232,riyadh
2017-04-15,0.2953648331329808,riyadh
2017-04-16,0.29978862190564654,riyadh
2017-04-17,0.2937629021179042,riyadh
2017-04-18,0.2991648090629847,riyadh
2017-04-19,0.2978942444104231,riyadh
2017-04-20,0.28596004884626414,riyadh
2017-04-21,0.3022812462326383,riyadh
2017-04-22,0.30357231870282636,riyadh
2017-04-23,0.2951828621475888,riyadh
2017-04-24,0.2873646233281045,riyadh
2017-04-25,0.29986383654030535,riyadh
2017-04-26,0.2989940093072471,riyadh
2017-04-27,0.29818823297541924,riyadh
2017-04-28,0.2939055033904683,riyadh
2017-04-29,0.2894128266819536,riyadh
2017-04-30,0.30483473618150364,riyadh
2017-05-01,0.29251987417228315,riyadh
2017-05-02,0.3052235495473211,riyadh
2017-05-03,0.3027027337797701,riyadh
2017-05-04,0.30589672602112916,riyadh
2017-05-05,0.29775370381239946,riyadh
2017-05-06,0.314009959476654,riyadh
2017-05-07,0.30892574397243006,riyadh
2017-05-08,0.29287633184635453,riyadh
2017-05-09,0.31325571340559255,riyadh
2017-05-10,0.3059082110252477,riyadh
2017-05-11,0.31088543801439295,riyadh
2017-05-12,0.30312002162139173,riyadh
2017-05-13,0.3032483477380007,riyadh
2017-05-14,0.3127874477616102,riyadh
2017-05-15,0.31261690509057766,riyadh
2017-05-16,0.31468995637318276,riyadh
2017-05-17,0.31307820386252055,riyadh
2017-05-18,0.3096932842321191,riyadh
2017-05-19,0.31326731536076274,riyadh
2017-05-20,0.3341240094918079,riyadh
2017-05-21,0.302872120013651,riyadh
2017-05-22,0.3106064312429426,riyadh
2017-05-23,0.3152219476008243,riyadh
2017-05-24,0.31177983945786897,riyadh
2017-05-25,0.31100901347752963,riyadh
2017-05-26,0.31614632541310783,riyadh
2017-05-27,0.32695711608284134,riyadh
2017-05-28,0.29963549239750903,riyadh
2017-05-29,0.3141174960788016,riyadh
2017-05-30,0.31694539118780085,riyadh
2017-05-31,0.31409724802223615,riyadh
2017-06-01,0.3130885403823505,riyadh
2017-06-02,0.32372116277566276,riyadh
2017-06-03,0.3113436320017858,riyadh
2017-06-04,0.323477366204156,riyadh
2017-06-05,0.3101002808840861,riyadh
2017-06-06,0.31446140557071683,riyadh
2017-06-07,0.3205411139118871,riyadh
2017-06-08,0.3097247801789993,riyadh
2017-06-09,0.3214155506395882,riyadh
2017-06-10,0.31919097903472016,riyadh
2017-06-11,0.32495048650109537,riyadh
2017-06-12,0.30985690601796717,riyadh
2017-06-13,0.3301176116615817,riyadh
2017-06-14,0.32157127570868493,riyadh
2017-06-15,0.2991987735740761,riyadh
2017-06-16,0.32553437589707257,riyadh
2017-06-17,0.3281571929349952,riyadh
2017-06-18,0.3212132428600273,riyadh
2017-06-19,0.31591964416679863,riyadh
2017-06-20,0.31605143670000413,riyadh
2017-06-21,0.3170858892692005,riyadh
2017-06-22,0.32717428791364905,riyadh
2017-06-23,0.32099217426767723,riyadh
2017-06-24,0.3210302753707316,riyadh
2017-06-25,0.31585447542292916,riyadh
2017-06-26,0.3260963367691231,riyadh
2017-06-27,0.31028518985017556,riyadh
2017-06-28,0.3276605707395959,riyadh
2017-06-29,0.3254048153863975,riyadh
2017-06-30,0.31021976092636805,riyadh
2017-07-01,0.32924703106612124,riyadh
2017-07-02,0.3164985292385208,riyadh
2017-07-03,0.3194512776169963,riyadh
2017-07-04,0.3278029939324269,riyadh
2017-07-05,0.31448321938515245,riyadh
2017-07-06,0.32880695420795425,riyadh
2017-07-07,0.3190871396064709,riyadh
2017-07-08,0.31711706887550273,riyadh
2017-07-09,0.31568236758837653,riyadh
2017-07-10,0.32215191587094316,riyadh
2017-07-11,0.3317125753624755,riyadh
2017-07-12,0.3045308642403391,riyadh
2017-07-13,0.3316314134994088,riyadh
2017-07-14,0.3290346398927338,riyadh
2017-07-15,0.3322153033438171,riyadh
2017-07-16,0.31738708797897974,riyadh
2017-07-17,0.3180216269265862,riyadh
2017-07-18,0.3358619040099271,riyadh
2017-07-19,0.31600225635364076,riyadh
2017-07-20,0.3158176763409731,riyadh
2017-07-21,0.3119547999755284,riyadh
2017-07-22,0.3198740576332719,riyadh
2017-07-23,0.33126340213018063,riyadh
2017-07-24,0.31312927728405193,riyadh
2017-07-25,0.3140639306641119,riyadh
2017-07-26,0.3205348349892281,riyadh
2017-07-27,0.3080272162689164,riyadh
2017-07-28,0.31035865450989003,riyadh
2017-07-29,0.3249940195459184,riyadh
2017-07-30,0.313301112499278,riyadh
2017-07-31,0.31463136929002006,riyadh
2017-08-01,0.30903207593725984,riyadh
2017-08-02,0.3091303259392545,riyadh
2017-08-03,0.3113303792583554,riyadh
2017-08-04,0.30892954032806436,riyadh
2017-08-05,0.3246180380693654,riyadh
2017-08-06,0.3049787147556405,riyadh
2017-08-07,0.311137408733337,riyadh
2017-08-08,0.3221308419487683,riyadh
2017-08-09,0.3004837686487871,riyadh
2017-08-10,0.3071136127421452,riyadh
2017-08-11,0.30388145327743754,riyadh
2017-08-12,0.3087975977024437,riyadh
2017-08-13,0.30951564828802325,riyadh
2017-08-14,0.30455007481206103,riyadh
2017-08-15,0.31194124397291706,riyadh
2017-08-16,0.3159454209151947,riyadh
2017-08-17,0.3144080550625306,riyadh
2017-08-18,0.30433828563632476,riyadh
2017-08-19,0.3162017249903222,riyadh
2017-08-20,0.3089445923656838,riyadh
2017-08-21,0.2980333009754655,riyadh
2017-08-22,0.3119094094069701,riyadh
2017-08-23,0.3090924564542093,riyadh
2017-08-24,0.30332912679857826,riyadh
2017-08-25,0.28991597092115673,riyadh
2017-08-26,0.310893447570498,riyadh
2017-08-27,0.30523677586348863,riyadh
2017-08-28,0.3045965242646549,riyadh
2017-08-29,0.3030396410453759,riyadh
2017-08-30,0.30178464316310494,riyadh
2017-08-31,0.30274086737645034,riyadh
2017-09-01,0.3095430164771291,riyadh
2017-09-02,0.2923687724550895,riyadh
2017-09-03,0.29290589914205917,riyadh
2017-09-04,0.2937903445160351,riyadh
2017-09-05,0.2995808413664053,riyadh
2017-09-06,0.312182915291974,riyadh
2017-09-07,0.3003771979869741,riyadh
2017-09-08,0.30188179467362897,riyadh
2017-09-09,0.2913581374756294,riyadh
2017-09-10,0.29330161817236117,riyadh
2017-09-11,0.28567298418558845,riyadh
2017-09-12,0.28384713624066304,riyadh
2017-09-13,0.2881415469686095,riyadh
2017-09-14,0.28461279214198265,riyadh
2017-09-15,0.29538404005839014,riyadh
2017-09-16,0.2884395519696452,riyadh
2017-09-17,0.29660249032082375,riyadh
2017-09-18,0.2799620537341236,riyadh
2017-09-19,0.3050229518481597,riyadh
2017-09-20,0.2807812491087718,riyadh
2017-09-21,0.281133767924789,riyadh
2017-09-22,0.28005808855691944,riyadh
2017-09-23,0.29160155966853757,riyadh
2017-09-24,0.27868231007199024,riyadh
2017-09-25,0.2780174584434636,riyadh
2017-09-26,0.2851404362415568,riyadh
2017-09-27,0.27902151880393045,riyadh
2017-09-28,0.2860856691648797,riyadh
2017-09-29,0.2881667639574133,riyadh
2017-09-30,0.2760911345642877,riyadh
2017-10-01,0.2810236651446828,riyadh
2017-10-02,0.2971633602707351,riyadh
2017-10-03,0.2740498321113392,riyadh
2017-10-04,0.2797727722254614,riyadh
2017-10-05,0.26901221576975254,riyadh
2017-10-06,0.2761855454867673,riyadh
2017-10-07,0.2678879869704299,riyadh
2017-10-08,0.2699923755774614,riyadh
2017-10-09,0.2737501157700339,riyadh
2017-10-10,0.2639135535953992,riyadh
2017-10-11,0.27788769176374156,riyadh
2017-10-12,0.26151648020075635,riyadh
2017-10-13,0.2626329763482486,riyadh
2017-10-14,0.2692297071226797,riyadh
2017-10-15,0.27591313802238265,riyadh
2017-10-16,0.26814326226462454,riyadh
2017-10-17,0.2619440764846374,riyadh
2017-10-18,0.2612859581909842,riyadh
2017-10-19,0.2670422211709932,riyadh
2017-10-20,0.26450372216378604,riyadh
2017-10-21,0.25233349644716807,riyadh
2017-10-22,0.27021741198396215,riyadh
2017-10-23,0.27070249799927604,riyadh
2017-10-24,0.2642197114856093,riyadh
2017-10-25,0.2696769864566246,riyadh
2017-10-26,0.27082013979591485,riyadh
2017-10-27,0.26276919900321355,riyadh
2017-10-28,0.2646670897403669,riyadh
2017-10-29,0.255771523981525,riyadh
2017-10-30,0.25689081621021825,riyadh
2017-10-31,0.24733533863804216,riyadh
2017-11-01,0.2703496425988543,riyadh
2017-11-02,0.2570832324266564,riyadh
2017-11-03,0.25469532626716557,riyadh
2017-11-04,0.2526176317210837,riyadh
2017-11-05,0.24664577917992275,riyadh
2017-11-06,0.2605526558897438,riyadh
2017-11-07,0.2617315162102202,riyadh
2017-11-08,0.258353926155152,riyadh
2017-11-09,0.25802248593576993,riyadh
2017-11-10,0.24746566185413862,riyadh
2017-11-11,0.24837241287992226,riyadh
2017-11-12,0.23832056232583226,riyadh
2017-11-13,0.26410662269092183,riyadh
2017-11-14,0.24603410775738924,riyadh
2017-11-15,0.25416164355659576,riyadh
2017-11-16,0.24849520736892045,riyadh
2017-11-17,0.2368558452183688,riyadh
2017-11-18,0.24788504768997302,riyadh
2017-11-19,0.24836396003937797,riyadh
2017-11-20,0.25067187764363247,riyadh
2017-11-21,0.25068908709257826,riyadh
2017-11-22,0.24379518402413697,riyadh
2017-11-23,0.25844869899154294,riyadh
2017-11-24,0.24325016307741038,riyadh
2017-11-25,0.2571795604990878,riyadh
2017-11-26,0.23785515869630766,riyadh
2017-11-27,0.23978497152100894,riyadh
2017-11-28,0.2499832539198362,riyadh
2017-11-29,0.24123589561857328,riyadh
2017-11-30,0.2438476825088376,riyadh
2017-12-01,0.25283926204175877,riyadh
2017-12-02,0.24789683036588042,riyadh
2017-12-03,0.2507785930226922,riyadh
2017-12-04,0.2424181610533381,riyadh
2017-12-05,0.23666295843636226,riyadh
2017-12-06,0.2369933574396269,riyadh
2017-12-07,0.24384547329918463,riyadh
2017-12-08,0.2526558638964,riyadh
2017-12-09,0.24315661754124746,riyadh
2017-12-10,0.24843380294332554,riyadh
2017-12-11,0.2500995348359781,riyadh
2017-12-12,0.23577966630498248,riyadh
2017-12-13,0.2567514035285947,riyadh
2017-12-14,0.23475471170647746,riyadh
2017-12-15,0.22972721784834327,riyadh
2017-12-16,0.2521412518424093,riyadh
2017-12-17,0.24206450262795362,riyadh
2017-12-18,0.24270727639644382,riyadh
2017-12-19,0.21663029642643078,riyadh
2017-12-20,0.23247509302317204,riyadh
2017-12-21,0.2444413717592429,riyadh
2017-12-22,0.2480886257304308,riyadh
2017-12-23,0.23865752736315082,riyadh
2017-12-24,0.2427021661628572,riyadh
2017-12-25,0.22519041965141237,riyadh
2017-12-26,0.23434244753346795,riyadh
2017-12-27,0.25099895802371114,riyadh
2017-12-28,0.23217763670757446,riyadh
2017-12-29,0.23466240283815265,riyadh
2017-12-30,0.24848527022743674,riyadh
2017-12-31,0.24842547078568836,riyadh
2018-01-01,0.23403653179549513,riyadh
2018-01-02,0.23802949886783162,riyadh
2018-01-03,0.24305994395271735,riyadh
2018-01-04,0.23702325411319106,riyadh
2018-01-05,0.23011096736462888,riyadh
2018-01-06,0.23106575304318275,riyadh
2018-01-07,0.25005109732300546,riyadh
2018-01-08,0.23405371614118453,riyadh
2018-01-09,0.233152370776098,riyadh
2018-01-10,0.24967295585179025,riyadh
2018-01-11,0.2366944827232231,riyadh
2018-01-12,0.23730885664423243,riyadh
2018-01-13,0.23143835015920283,riyadh
2018-01-14,0.23636231167796776,riyadh
2018-01-15,0.27051236666318934,riyadh
2018-01-16,0.2861702541528308,riyadh
2018-01-17,0.2517460975618355,riyadh
2018-01-18,0.24612428103654244,riyadh
2018-01-19,0.24884992712027845,riyadh
2018-01-20,0.24843266194325897,riyadh
2018-01-21,0.23998674415043114,riyadh
2018-01-22,0.23152964666332576,riyadh
2018-01-23,0.22850020984095845,riyadh
2018-01-24,0.24258096888300745,riyadh
2018-01-25,0.2532727932329539,riyadh
2018-01-26,0.2402248494043146,riyadh
2018-01-27,0.25031456768112664,riyadh
2018-01-28,0.24134502057959512,riyadh
2018-01-29,0.27591915194998123,riyadh
2018-01-30,0.2547789396945347,riyadh
2018-01-31,0.2367412084304954,riyadh
2018-02-01,0.24490785326599557,riyadh
2018-02-02,0.2468263589220871,riyadh
2018-02-03,0.24216191741154147,riyadh
2018-02-04,0.2559332574331018,riyadh
2018-02-05,0.2425166441796173,riyadh
2018-02-06,0.2600993551821717,riyadh
2018-02-07,0.25014899599745216,riyadh
2018-02-08,0.2506228886585565,riyadh
2018-02-09,0.25674000108188,riyadh
2018-02-10,0.2477719245702163,riyadh
2018-02-11,0.2966650055244172,riyadh
2018-02-12,0.2681645484155055,riyadh
2018-02-13,0.2645152035759203,riyadh
2018-02-14,0.24912718037544185,riyadh
2018-02-15,0.2456660040124547,riyadh
2018-02-16,0.25632626991788965,riyadh
2018-02-17,0.24889587662869217,riyadh
2018-02-18,0.25525390220551963,riyadh
2018-02-19,0.24690129324339297,riyadh
2018-02-20,0.2611657970907569,riyadh
2018-02-21,0.2614931238969435,riyadh
2018-02-22,0.2547246185182132,riyadh
2018-02-23,0.2496211428732773,riyadh
2018-02-24,0.2489420802194949,riyadh
2018-02-25,0.25924169809855885,riyadh
2018-02-26,0.26209510530476776,riyadh
2018-02-27,0.2674423114091933,riyadh
2018-02-28,0.2697961983047926,riyadh
2018-03-01,0.26569275021424194,riyadh
2018-03-02,0.27159642482271645,riyadh
2018-03-03,0.2626032660309035,riyadh
2018-03-04,0.2776251830529378,riyadh
2018-03-05,0.3233120004443858,riyadh
2018-03-06,0.2701017478364209,riyadh
2018-03-07,0.2790506915008393,riyadh
2018-03-08,0.24913692889427322,riyadh
2018-03-09,0.25160450391583955,riyadh
2018-03-10,0.261689591375801,riyadh
2018-03-11,0.2516420231208612,riyadh
2018-03-12,0.2666322260720409,riyadh
2018-03-13,0.26180327891288446,riyadh
2018-03-14,0.25331033281452564,riyadh
2018-03-15,0.25735947759307015,riyadh
2018-03-16,0.275249931638975,riyadh
2018-03-17,0.2765071096205503,riyadh
2018-03-18,0.3012630289262303,riyadh
2018-03-19,0.27519424513963486,riyadh
2018-03-20,0.2767306849997447,riyadh
2018-03-21,0.27836367297663434,riyadh
2018-03-22,0.27543870015289124,riyadh
2018-03-23,0.2529695291627915,riyadh
2018-03-24,0.2728508128651692,riyadh
2018-03-25,0.3165826724823697,riyadh
2018-03-26,0.31268919798969375,riyadh
2018-03-27,0.28025699409809135,riyadh
2018-03-28,0.26090746051390834,riyadh
2018-03-29,0.2734564506831224,riyadh
2018-03-30,0.27713463613662404,riyadh
2018-03-31,0.33023021841908007,riyadh
2018-04-01,0.27967770195588465,riyadh
2018-04-02,0.29079151056717795,riyadh
2018-04-03,0.27683726013311843,riyadh
2018-04-04,0.27563552612280645,riyadh
2018-04-05,0.2741544439060926,riyadh
2018-04-06,0.2821792541086058,riyadh
2018-04-07,0.2930773692371336,riyadh
2018-04-08,0.2905547494374152,riyadh
2018-04-09,0.27644045596436884,riyadh
2018-04-10,0.28938632966600925,riyadh
2018-04-11,0.3007247400976019,riyadh
2018-04-12,0.28575402675250194,riyadh
2018-04-13,0.32475867127608804,riyadh
2018-04-14,0.2978909417332779,riyadh
2018-04-15,0.29305002871663766,riyadh
2018-04-16,0.33935494333624905,riyadh
2018-04-17,0.2776175835742296,riyadh
2018-04-18,0.27247896842056574,riyadh
2018-04-19,0.29819946338061537,riyadh
2018-04-20,0.2952454027113372,riyadh
2018-04-21,0.36128069701335225,riyadh
2018-04-22,0.2975715325992416,riyadh
2018-04-23,0.2873679185128953,riyadh
2018-04-24,0.29096296364861934,riyadh
2018-04-25,0.29815925700872997,riyadh
2018-04-26,0.35455647837344473,riyadh
2018-04-27,0.2942245308870618,riyadh
2018-04-28,0.2986481810529345,riyadh
2018-04-29,0.3044375671774423,riyadh
2018-04-30,0.2978198530981914,riyadh
2018-05-01,0.2924339497059832,riyadh
2018-05-02,0.31393436386302165,riyadh
2018-05-03,0.30769254714281447,riyadh
2018-05-04,0.2994316565218124,riyadh
2018-05-05,0.295937179499612,riyadh
2018-05-06,0.3058805514798493,riyadh
2018-05-07,0.31324664858343065,riyadh
2018-05-08,0.2978814437200687,riyadh
2018-05-09,0.3149372058921305,riyadh
2018-05-10,0.29603722469520666,riyadh
2018-05-11,0.30127139872931935,riyadh
2018-05-12,0.3112344056246527,riyadh
2018-05-13,0.3444833220164422,riyadh
2018-05-14,0.3054984954675848,riyadh
2018-05-15,0.29926344684598,riyadh
2018-05-16,0.316535762642111,riyadh
2018-05-17,0.3616839276478018,riyadh
2018-05-18,0.30395741746589044,riyadh
2018-05-19,0.3201847403503595,riyadh
2018-05-20,0.31633919836562063,riyadh
2018-05-21,0.2948155697229989,riyadh
2018-05-22,0.32157731319820737,riyadh
2018-05-23,0.3026335407710485,riyadh
2018-05-24,0.29932855663230806,riyadh
2018-05-25,0.2953959930615842,riyadh
2018-05-26,0.3062018476054976,riyadh
2018-05-27,0.3042972575472356,riyadh
2018-05-28,0.31127103220232083,riyadh
2018-05-29,0.31778567409119163,riyadh
2018-05-30,0.3211920744122395,riyadh
2018-05-31,0.3359904470804829,riyadh
2018-06-01,0.3101589829549329,riyadh
2018-06-02,0.3192991671134967,riyadh
2018-06-03,0.31071023265990066,riyadh
2018-06-04,0.3070846492499884,riyadh
2018-06-05,0.31116620710417264,riyadh
2018-06-06,0.32046297112908495,riyadh
2018-06-07,0.31162663079848085,riyadh
2018-06-08,0.3146941895546324,riyadh
2018-06-09,0.30992612965894994,riyadh
2018-06-10,0.3323566894017901,riyadh
2018-06-11,0.3109001606023732,riyadh
2018-06-12,0.32565947089024944,riyadh
2018-06-13,0.31877530379482943,riyadh
2018-06-14,0.3085527954655451,riyadh
2018-06-15,0.3185470375603565,riyadh
2018-06-16,0.32257477183606487,riyadh
2018-06-17,0.3047035906673309,riyadh
2018-06-18,0.3079486611436724,riyadh
2018-06-19,0.3436819873068277,riyadh
2018-06-20,0.30613580272632934,riyadh
2018-06-21,0.32835932448668154,riyadh
2018-06-22,0.3268037357666111,riyadh
2018-06-23,0.3807670305335819,riyadh
2018-06-24,0.32830095315272895,riyadh
2018-06-25,0.312310830240552,riyadh
2018-06-26,0.3539581828841658,riyadh
2018-06-27,0.32164276674197684,riyadh
2018-06-28,0.3049942721503815,riyadh
2018-06-29,0.35071325150874944,riyadh
2018-06-30,0.317112424654449,riyadh
2018-07-01,0.3040919902170858,riyadh
2018-07-02,0.3154169263354265,riyadh
2018-07-03,0.33881518643123965,riyadh
2018-07-04,0.33477683303061473,riyadh
2018-07-05,0.3166174297618994,riyadh
2018-07-06,0.31673396704931694,riyadh
2018-07-07,0.32015763550425796,riyadh
2018-07-08,0.30746239026165606,riyadh
2018-07-09,0.31720073793245435,riyadh
2018-07-10,0.312466831147584,riyadh
2018-07-11,0.3087923789224393,riyadh
2018-07-12,0.30613114277465175,riyadh
2018-07-13,0.3343064628642813,riyadh
2018-07-14,0.31056459839890965,riyadh
2018-07-15,0.320463836425814,riyadh
2018-07-16,0.31820010070473687,riyadh
2018-07-17,0.3225423554241367,riyadh
2018-07-18,0.3326684085819665,riyadh
2018-07-19,0.32104598753426355,riyadh
2018-07-20,0.3164640897329578,riyadh
2018-07-21,0.3284695868650239,riyadh
2018-07-22,0.3125010046983579,riyadh
2018-07-23,0.3182920507129971,riyadh
2018-07-24,0.314941812195358,riyadh
2018-07-25,0.3129935996683304,riyadh
2018-07-26,0.31122980725246163,riyadh
2018-07-27,0.30690881180347046,riyadh
2018-07-28,0.3233090876317775,riyadh
2018-07-29,0.3186388226190266,riyadh
2018-07-30,0.33348603177627106,riyadh
2018-07-31,0.3208026244323907,riyadh
2018-08-01,0.34391741650335067,riyadh
2018-08-02,0.3113348900699225,riyadh
2018-08-03,0.3081046048562054,riyadh
2018-08-04,0.3242856394436025,riyadh
2018-08-05,0.34570725699537674,riyadh
2018-08-06,0.3472055583613577,riyadh
2018-08-07,0.3180386436221688,riyadh
2018-08-08,0.30185294492008047,riyadh
2018-08-09,0.3085429841580137,riyadh
2018-08-10,0.31649640938998774,riyadh
2018-08-11,0.3032146388836767,riyadh
2018-08-12,0.2999420592549434,riyadh
2018-08-13,0.306528130230961,riyadh
2018-08-14,0.297021586622359,riyadh
2018-08-15,0.3063384577516039,riyadh
2018-08-16,0.31961358460390166,riyadh
2018-08-17,0.3035568659062076,riyadh
2018-08-18,0.31253606039243786,riyadh
2018-08-19,0.3074182197244022,riyadh
2018-08-20,0.3339787423813415,riyadh
2018-08-21,0.310947952935253,riyadh
2018-08-22,0.3131161489733592,riyadh
2018-08-23,0.2961445924586801,riyadh
2018-08-24,0.3011524230972563,riyadh
2018-08-25,0.30685167924760354,riyadh
2018-08-26,0.31163837113055454,riyadh
2018-08-27,0.304120883485893,riyadh
2018-08-28,0.29405825043772194,riyadh
2018-08-29,0.2967519521002949,riyadh
2018-08-30,0.30110079112531196,riyadh
2018-08-31,0.3014968691022456,riyadh
2018-09-01,0.30090672459082174,riyadh
2018-09-02,0.2963153871740808,riyadh
2018-09-03,0.3062740017488503,riyadh
2018-09-04,0.2904725117538298,riyadh
2018-09-05,0.295031061795861,riyadh
2018-09-06,0.29745215599094066,riyadh
2018-09-07,0.3237920308768167,riyadh
2018-09-08,0.3046140929583154,riyadh
2018-09-09,0.34806941316102136,riyadh
2018-09-10,0.3016359878379113,riyadh
2018-09-11,0.2930930498564145,riyadh
2018-09-12,0.288262881523683,riyadh
2018-09-13,0.2962841729105215,riyadh
2018-09-14,0.2994743783289148,riyadh
2018-09-15,0.26372971102239506,riyadh
2018-09-16,0.28904838999849214,riyadh
2018-09-17,0.28671978084411165,riyadh
2018-09-18,0.29186582130416894,riyadh
2018-09-19,0.2880666023631425,riyadh
2018-09-20,0.2852630298151513,riyadh
2018-09-21,0.2895239928053213,riyadh
2018-09-22,0.2894373138266439,riyadh
2018-09-23,0.27483253622359866,riyadh
2018-09-24,0.2684560267262492,riyadh
2018-09-25,0.3013101628605702,riyadh
2018-09-26,0.27760346838630157,riyadh
2018-09-27,0.281994626445884,riyadh
2018-09-28,0.2739273500103748,riyadh
2018-09-29,0.28295711387247513,riyadh
2018-09-30,0.2836955948941711,riyadh
2018-10-01,0.2778794477701205,riyadh
2018-10-02,0.291660332684314,riyadh
2018-10-03,0.2932633890226661,riyadh
2018-10-04,0.27071019088858417,riyadh
2018-10-05,0.2856488602105986,riyadh
2018-10-06,0.2736922542033196,riyadh
2018-10-07,0.2719155444011755,riyadh
2018-10-08,0.2800159973149332,riyadh
2018-10-09,0.2792003097383652,riyadh
2018-10-10,0.2671810003817769,riyadh
2018-10-11,0.265321256266293,riyadh
2018-10-12,0.27963358703923374,riyadh
2018-10-13,0.26172067286255957,riyadh
2018-10-14,0.2665260625271353,riyadh
2018-10-15,0.2662107570764058,riyadh
2018-10-16,0.2699592518088595,riyadh
2018-10-17,0.28490852531566174,riyadh
2018-10-18,0.26121295000831707,riyadh
2018-10-19,0.26182232920206333,riyadh
2018-10-20,0.26212614403421836,riyadh
2018-10-21,0.2628233121264762,riyadh
2018-10-22,0.2785620508956938,riyadh
2018-10-23,0.3073677522609646,riyadh
2018-10-24,0.26331892550081226,riyadh
2018-10-25,0.2627350790138573,riyadh
2018-10-26,0.2552998805286123,riyadh
2018-10-27,0.27338870337341326,riyadh
2018-10-28,0.29118802051857307,riyadh
2018-10-29,0.26625314024817903,riyadh
2018-10-30,0.25077180959231793,riyadh
2018-10-31,0.24219451228487665,riyadh
2018-11-01,0.2545237904424017,riyadh
2018-11-02,0.25871873419226254,riyadh
2018-11-03,0.24776382241305295,riyadh
2018-11-04,0.2625281202266582,riyadh
2018-11-05,0.25922869955282474,riyadh
2018-11-06,0.24622130773678202,riyadh
2018-11-07,0.2554357852111876,riyadh
2018-11-08,0.3065744741022108,riyadh
2018-11-09,0.2529362458300534,riyadh
2018-11-10,0.24521174199498036,riyadh
2018-11-11,0.25871469540109426,riyadh
2018-11-12,0.2407050890305441,riyadh
2018-11-13,0.2655092630948088,riyadh
2018-11-14,0.25568055882894636,riyadh
2018-11-15,0.24651148527897024,riyadh
2018-11-16,0.2554672172925227,riyadh
2018-11-17,0.30623446731366766,riyadh
2018-11-18,0.24428239396863546,riyadh
2018-11-19,0.2489239150166884,riyadh
2018-11-20,0.24684281925231136,riyadh
2018-11-21,0.2571145581855469,riyadh
2018-11-22,0.2663366852241332,riyadh
2018-11-23,0.2505687024432476,riyadh
2018-11-24,0.25568972934517087,riyadh
2018-11-25,0.24655323950778263,riyadh
2018-11-26,0.2312855469297917,riyadh
2018-11-27,0.231807331532871,riyadh
2018-11-28,0.3027424652562635,riyadh
2018-11-29,0.24559230857201703,riyadh
2018-11-30,0.2345827422066149,riyadh
2018-12-01,0.2429242992212918,riyadh
2018-12-02,0.2908486761879015,riyadh
2018-12-03,0.24348169947688816,riyadh
2018-12-04,0.2348945191622854,riyadh
2018-12-05,0.24963046793925,riyadh
2018-12-06,0.242953343044515,riyadh
2018-12-07,0.2428672668841012,riyadh
2018-12-08,0.2487019006703586,riyadh
2018-12-09,0.22834725553137375,riyadh
2018-12-10,0.2323548214181919,riyadh
2018-12-11,0.24308357991174104,riyadh
2018-12-12,0.2505133828504944,riyadh
2018-12-13,0.23420937787739907,riyadh
2018-12-14,0.23926285507137227,riyadh
2018-12-15,0.24451596351150418,riyadh
2018-12-16,0.23832937517910524,riyadh
2018-12-17,0.22090776805179793,riyadh
2018-12-18,0.24206382839354246,riyadh
2018-12-19,0.23174516541748683,riyadh
2018-12-20,0.28615425992577675,riyadh
2018-12-21,0.29500372761848215,riyadh
2018-12-22,0.22207603072015883,riyadh
2018-12-23,0.23664148344356506,riyadh
2018-12-24,0.2386045579789782,riyadh
2018-12-25,0.23470707382495862,riyadh
2018-12-26,0.23747546364032388,riyadh
2018-12-27,0.24960594514370318,riyadh
2018-12-28,0.2373202505258151,riyadh
2018-12-29,0.23408999648931983,riyadh
2018-12-30,0.2454717398455836,riyadh
2018-12-31,0.23505926948276462,riyadh
2019-01-01,0.2414614594415896,riyadh
2019-01-02,0.250694294910507,riyadh
2019-01-03,0.22878084756148376,riyadh
2019-01-04,0.2323166133662166,riyadh
2019-01-05,0.24329041545971894,riyadh
2019-01-06,0.23172607489194363,riyadh
2019-01-07,0.2536648906228935,riyadh
2019-01-08,0.24370733619820398,riyadh
2019-01-09,0.2388919384740664,riyadh
2019-01-10,0.2439258929973164,riyadh
2019-01-11,0.23892219183302474,riyadh
2019-01-12,0.23832971059628405,riyadh
2019-01-13,0.23808210040506456,riyadh
2019-01-14,0.2461086479931427,riyadh
2019-01-15,0.23048776284114963,riyadh
2019-01-16,0.2283445630443369,riyadh
2019-01-17,0.24678488780746294,riyadh
2019-01-18,0.249177511450367,riyadh
2019-01-19,0.23988939729081993,riyadh
2019-01-20,0.24294891335642788,riyadh
2019-01-21,0.23700569382199102,riyadh
2019-01-22,0.24110179715515018,riyadh
2019-01-23,0.2469221108019578,riyadh
2019-01-24,0.24857442902886465,riyadh
2019-01-25,0.24602753847519435,riyadh
2019-01-26,0.24179360119029808,riyadh
2019-01-27,0.25056024303578595,riyadh
2019-01-28,0.25161769234887466,riyadh
2019-01-29,0.3127200881614362,riyadh
2019-01-30,0.24991958931246075,riyadh
2019-01-31,0.24568979146910594,riyadh
2019-02-01,0.24825631055836395,riyadh
2019-02-02,0.24720001443336792,riyadh
2019-02-03,0.2512634794635148,riyadh
2019-02-04,0.2475431830071946,riyadh
2019-02-05,0.26389981050283773,riyadh
2019-02-06,0.30699922126081747,riyadh
2019-02-07,0.24669261864302433,riyadh
2019-02-08,0.30342437803201594,riyadh
2019-02-09,0.24110352473351496,riyadh
2019-02-10,0.2639343182924305,riyadh
2019-02-11,0.26093409339689144,riyadh
2019-02-12,0.24454970636107162,riyadh
2019-02-13,0.2528483863066722,riyadh
2019-02-14,0.26571637300582585,riyadh
2019-02-15,0.25565035137126824,riyadh
2019-02-16,0.2550356014793703,riyadh
2019-02-17,0.25104106031292883,riyadh
2019-02-18,0.26540033846208494,riyadh
2019-02-19,0.25452762196837325,riyadh
2019-02-20,0.2598544056302278,riyadh
2019-02-21,0.24088255352608154,riyadh
2019-02-22,0.2668829696902711,riyadh
2019-02-23,0.27223943093202185,riyadh
2019-02-24,0.26803108472029835,riyadh
2019-02-25,0.24413221753440534,riyadh
2019-02-26,0.24991778635532516,riyadh
2019-02-27,0.23302303797791063,riyadh
2019-02-28,0.29863674551310143,riyadh
2019-03-01,0.25724742550853,riyadh
2019-03-02,0.2633322333357275,riyadh
2019-03-03,0.2533175311194152,riyadh
2019-03-04,0.27175256101934087,riyadh
2019-03-05,0.2760366246271701,riyadh
2019-03-06,0.3095663330840184,riyadh
2019-03-07,0.2683726254956232,riyadh
2019-03-08,0.2748516128748757,riyadh
2019-03-09,0.2465387598717169,riyadh
2019-03-10,0.26025990988281744,riyadh
2019-03-11,0.26893967221677956,riyadh
2019-03-12,0.28500236424683983,riyadh
2019-03-13,0.2671689511762701,riyadh
2019-03-14,0.25418945676837496,riyadh
2019-03-15,0.2721043190714529,riyadh
2019-03-16,0.2691889061017602,riyadh
2019-03-17,0.27763251059037847,riyadh
2019-03-18,0.26874164097534525,riyadh
2019-03-19,0.2636441099059279,riyadh
2019-03-20,0.26560417982342055,riyadh
2019-03-21,0.2674430443357548,riyadh
2019-03-22,0.28297357363874914,riyadh
2019-03-23,0.2705363868392511,riyadh
2019-03-24,0.2837676170906724,riyadh
2019-03-25,0.26765430712109933,riyadh
2019-03-26,0.2822575071523244,riyadh
2019-03-27,0.26904743891158917,riyadh
2019-03-28,0.27008463365331714,riyadh
2019-03-29,0.28186647355594363,riyadh
2019-03-30,0.28076421487200603,riyadh
2019-03-31,0.2763056549702822,riyadh
2019-04-01,0.281792829990881,riyadh
2019-04-02,0.28417778110329656,riyadh
2019-04-03,0.291391380236929,riyadh
2019-04-04,0.30713217548502586,riyadh
2019-04-05,0.2828912252939223,riyadh
2019-04-06,0.30788252084828327,riyadh
2019-04-07,0.29161642219861483,riyadh
2019-04-08,0.2945743910663008,riyadh
2019-04-09,0.2831361849172848,riyadh
2019-04-10,0.27567910051824,riyadh
2019-04-11,0.2817615474942654,riyadh
2019-04-12,0.28274360464454623,riyadh
2019-04-13,0.30095244754254136,riyadh
2019-04-14,0.29249957174205055,riyadh
2019-04-15,0.3055174022321976,riyadh
2019-04-16,0.28115789497976473,riyadh
2019-04-17,0.2993954569819477,riyadh
2019-04-18,0.2883755033584145,riyadh
2019-04-19,0.29288349274607095,riyadh
2019-04-20,0.32641814227752647,riyadh
2019-04-21,0.3041895496270806,riyadh
2019-04-22,0.2901694635931901,riyadh
2019-04-23,0.34179308977970774,riyadh
2019-04-24,0.28741049114105843,riyadh
2019-04-25,0.2928639005714153,riyadh
2019-04-26,0.28975688239742997,riyadh
2019-04-27,0.3037721328303483,riyadh
2019-04-28,0.2909232195784517,riyadh
2019-04-29,0.29836123488945865,riyadh
2019-04-30,0.29192416760493384,riyadh
2019-05-01,0.3336442226889287,riyadh
2019-05-02,0.30240387930711793,riyadh
2019-05-03,0.30621138888917165,riyadh
2019-05-04,0.2997002581446743,riyadh
2019-05-05,0.31472548406639433,riyadh
2019-05-06,0.33560329459247057,riyadh
2019-05-07,0.3015659643059373,riyadh
2019-05-08,0.3254060843447262,riyadh
2019-05-09,0.30978165692558757,riyadh
2019-05-10,0.3079274945083337,riyadh
2019-05-11,0.31265883401595185,riyadh
2019-05-12,0.29304312894000356,riyadh
2019-05-13,0.2920116950947144,riyadh
2019-05-14,0.31271224897972033,riyadh
2019-05-15,0.2946643893725633,riyadh
2019-05-16,0.3035412068007516,riyadh
2019-05-17,0.31470607451957955,riyadh
2019-05-18,0.3231681987880687,riyadh
2019-05-19,0.30324707989112787,riyadh
2019-05-20,0.3066777090292622,riyadh
2019-05-21,0.36275599842419015,riyadh
2019-05-22,0.3150248893829612,riyadh
2019-05-23,0.3030325713035641,riyadh
2019-05-24,0.32639516183356054,riyadh
2019-05-25,0.3015553495068577,riyadh
2019-05-26,0.29348430223600264,riyadh
2019-05-27,0.3141333757574412,riyadh
2019-05-28,0.31012727955398917,riyadh
2019-05-29,0.3152341075470037,riyadh
2019-05-30,0.3218035604753606,riyadh
2019-05-31,0.3215362990603536,riyadh
2019-06-01,0.3078678276812602,riyadh
2019-06-02,0.33118162686767627,riyadh
2019-06-03,0.3220194201816416,riyadh
2019-06-04,0.3051292020207338,riyadh
2019-06-05,0.3175306227145235,riyadh
2019-06-06,0.3378695435486331,riyadh
2019-06-07,0.31893656387578084,riyadh
2019-06-08,0.35061343280773666,riyadh
2019-06-09,0.3144807888055152,riyadh
2019-06-10,0.3150744360452993,riyadh
2019-06-11,0.31626309215389925,riyadh
2019-06-12,0.3199223399015818,riyadh
2019-06-13,0.3241731854380643,riyadh
2019-06-14,0.3443121822387179,riyadh
2019-06-15,0.3263335886267406,riyadh
2019-06-16,0.33938110522695547,riyadh
2019-06-17,0.31126551833403737,riyadh
2019-06-18,0.35069991851430915,riyadh
2019-06-19,0.31735934768296936,riyadh
2019-06-20,0.3321914881898746,riyadh
2019-06-21,0.33186400397427485,riyadh
2019-06-22,0.31697653056181835,riyadh
2019-06-23,0.3335613873530066,riyadh
2019-06-24,0.31701001279187585,riyadh
2019-06-25,0.32245200077173536,riyadh
2019-06-26,0.32571555574848804,riyadh
2019-06-27,0.3209985781398311,riyadh
2019-06-28,0.32741574731889195,riyadh
2019-06-29,0.3207629973209253,riyadh
2019-06-30,0.3236339334160781,riyadh
2019-07-01,0.329217756508085,riyadh
2019-07-02,0.3187186403514635,riyadh
2019-07-03,0.31448317654934105,riyadh
2019-07-04,0.3221995157206728,riyadh
2019-07-05,0.31204560989385954,riyadh
2019-07-06,0.3156954597965468,riyadh
2019-07-07,0.3752375587582347,riyadh
2019-07-08,0.3257859804066394,riyadh
2019-07-09,0.36056406214527703,riyadh
2019-07-10,0.329028016163913,riyadh
2019-07-11,0.366649386973341,riyadh
2019-07-12,0.33585780611162935,riyadh
2019-07-13,0.3689207581793965,riyadh
2019-07-14,0.3174778913110126,riyadh
2019-07-15,0.31930295125465924,riyadh
2019-07-16,0.3194203198074442,riyadh
2019-07-17,0.32206535176394263,riyadh
2019-07-18,0.31401927564234783,riyadh
2019-07-19,0.33021071969260885,riyadh
2019-07-20,0.3060342760427583,riyadh
2019-07-21,0.31850881947820114,riyadh
2019-07-22,0.3244102264344187,riyadh
2019-07-23,0.3224444179920567,riyadh
2019-07-24,0.31746162195073624,riyadh
2019-07-25,0.30652357822294896,riyadh
2019-07-26,0.3172155142843695,riyadh
2019-07-27,0.32026245044442403,riyadh
2019-07-28,0.3184659233559988,riyadh
2019-07-29,0.32159792569864376,riyadh
2019-07-30,0.3167627156226045,riyadh
2019-07-31,0.3292379085674658,riyadh
2019-08-01,0.3171120952582228,riyadh
2019-08-02,0.320059344376532,riyadh
2019-08-03,0.3004273413225634,riyadh
2019-08-04,0.289658177765986,riyadh
2019-08-05,0.3163948553056167,riyadh
2019-08-06,0.2951412994863101,riyadh
2019-08-07,0.3135215754329239,riyadh
2019-08-08,0.3485797424713358,riyadh
2019-08-09,0.3184926380664759,riyadh
2019-08-10,0.2952003200770762,riyadh
2019-08-11,0.3053793427877375,riyadh
2019-08-12,0.29339749351705,riyadh
2019-08-13,0.31405739306475017,riyadh
2019-08-14,0.35837275429752297,riyadh
2019-08-15,0.305352163693564,riyadh
2019-08-16,0.3125360746656381,riyadh
2019-08-17,0.3102995522459009,riyadh
2019-08-18,0.31951716079964104,riyadh
2019-08-19,0.3096548555672067,riyadh
2019-08-20,0.30165127356418336,riyadh
2019-08-21,0.2953688506903847,riyadh
2019-08-22,0.3046702795946327,riyadh
2019-08-23,0.3125727977179943,riyadh
2019-08-24,0.29719832161839954,riyadh
2019-08-25,0.2972771129857472,riyadh
2019-08-26,0.30778727482568885,riyadh
2019-08-27,0.3129758718022163,riyadh
2019-08-28,0.30639247838101213,riyadh
2019-08-29,0.29802500726340064,riyadh
2019-08-30,0.3029866282518902,riyadh
2019-08-31,0.3013426397012653,riyadh
2019-09-01,0.2743542853675054,riyadh
2019-09-02,0.3086883528973965,riyadh
2019-09-03,0.29902854043648575,riyadh
2019-09-04,0.30547295071259883,riyadh
2019-09-05,0.3114960111578048,riyadh
2019-09-06,0.2820027177581371,riyadh
2019-09-07,0.29036752800685245,riyadh
2019-09-08,0.2950952188154952,riyadh
2019-09-09,0.31191749558406084,riyadh
2019-09-10,0.2916590685648578,riyadh
2019-09-11,0.3037121139959488,riyadh
2019-09-12,0.2891505527499998,riyadh
2019-09-13,0.289299798423927,riyadh
2019-09-14,0.28330923439780964,riyadh
2019-09-15,0.2885043141190668,riyadh
2019-09-16,0.29401539445681124,riyadh
2019-09-17,0.274567887574701,riyadh
2019-09-18,0.28714198066392926,riyadh
2019-09-19,0.2903317806773429,riyadh
2019-09-20,0.2763564422170742,riyadh
2019-09-21,0.2860888046074648,riyadh
2019-09-22,0.34005963827016344,riyadh
2019-09-23,0.27730806675044717,riyadh
2019-09-24,0.2736796160630033,riyadh
2019-09-25,0.3033972720263723,riyadh
2019-09-26,0.2792643933872537,riyadh
2019-09-27,0.28654650008261773,riyadh
2019-09-28,0.2834633805080243,riyadh
2019-09-29,0.2741297807874118,riyadh
2019-09-30,0.28130791719224335,riyadh
2019-10-01,0.2765691073480966,riyadh
2019-10-02,0.28163440467605977,riyadh
2019-10-03,0.26738886705834386,riyadh
2019-10-04,0.2970205365051415,riyadh
2019-10-05,0.2893892253223261,riyadh
2019-10-06,0.2618013483340907,riyadh
2019-10-07,0.2933957265444293,riyadh
2019-10-08,0.2728699678816919,riyadh
2019-10-09,0.28417199855398856,riyadh
2019-10-10,0.2689823118410502,riyadh
2019-10-11,0.27713706425449197,riyadh
2019-10-12,0.2671613218059237,riyadh
2019-10-13,0.2768548220251296,riyadh
2019-10-14,0.2767604788065408,riyadh
2019-10-15,0.2695737740301191,riyadh
2019-10-16,0.25694798323585066,riyadh
2019-10-17,0.2663830299691879,riyadh
2019-10-18,0.2714320925948661,riyadh
2019-10-19,0.2725782152559952,riyadh
2019-10-20,0.26037852606463735,riyadh
2019-10-21,0.268797128907767,riyadh
2019-10-22,0.26100766203185755,riyadh
2019-10-23,0.27828854332672776,riyadh
2019-10-24,0.26240945465335147,riyadh
2019-10-25,0.2614113766035329,riyadh
2019-10-26,0.271109701324404,riyadh
2019-10-27,0.26348040004066525,riyadh
2019-10-28,0.2635097892099014,riyadh
2019-10-29,0.26959542501339323,riyadh
2019-10-30,0.25920569277280536,riyadh
2019-10-31,0.26480371043226,riyadh
2019-11-01,0.2532289170370249,riyadh
2019-11-02,0.2555571201970536,riyadh
2019-11-03,0.26664679887684095,riyadh
2019-11-04,0.26310541382436414,riyadh
2019-11-05,0.24835562477823933,riyadh
2019-11-06,0.2547496022059558,riyadh
2019-11-07,0.2676631601226745,riyadh
2019-11-08,0.2781985687784646,riyadh
2019-11-09,0.23608395364418833,riyadh
2019-11-10,0.25723361672488043,riyadh
2019-11-11,0.23831039130872822,riyadh
2019-11-12,0.25504571355076744,riyadh
2019-11-13,0.25914203234638866,riyadh
2019-11-14,0.31758461465677224,riyadh
2019-11-15,0.24740861108022424,riyadh
2019-11-16,0.24982644586820563,riyadh
2019-11-17,0.24400240084569344,riyadh
2019-11-18,0.2305586318299516,riyadh
2019-11-19,0.24397192040926702,riyadh
2019-11-20,0.26332477697913004,riyadh
2019-11-21,0.2632048402337899,riyadh
2019-11-22,0.24726252567620338,riyadh
2019-11-23,0.2499571900779663,riyadh
2019-11-24,0.2334652216888968,riyadh
2019-11-25,0.26202320252687206,riyadh
2019-11-26,0.23104206620062837,riyadh
2019-11-27,0.2395279238206186,riyadh
2019-11-28,0.2525398609024946,riyadh
2019-11-29,0.2443607919585019,riyadh
2019-11-30,0.24830633981621664,riyadh
2019-12-01,0.24278442106066866,riyadh
2019-12-02,0.2774256138503529,riyadh
2019-12-03,0.24291568191266816,riyadh
2019-12-04,0.23804619499152652,riyadh
2019-12-05,0.2416474212509883,riyadh
2019-12-06,0.24218234155489712,riyadh
2019-12-07,0.2434952703770715,riyadh
2019-12-08,0.24001404052301548,riyadh
2019-12-09,0.25019437776502385,riyadh
2019-12-10,0.26965972887803047,riyadh
2019-12-11,0.24555020054889326,riyadh
2019-12-12,0.2577185162109196,riyadh
2019-12-13,0.23791855093207095,riyadh
2019-12-14,0.22848308286601832,riyadh
2019-12-15,0.2405535099507969,riyadh
2019-12-16,0.2500263260648843,riyadh
2019-12-17,0.24450607837171653,riyadh
2019-12-18,0.25188919089274325,riyadh
2019-12-19,0.24402072007554307,riyadh
2019-12-20,0.24945441230278487,riyadh
2019-12-21,0.2502581482911798,riyadh
2019-12-22,0.2366488277997697,riyadh
2019-12-23,0.24228177933945938,riyadh
2019-12-24,0.22470531062720472,riyadh
2019-12-25,0.23749394224439768,riyadh
2019-12-26,0.23931613874448188,riyadh
2019-12-27,0.24221519114904053,riyadh
2019-12-28,0.226916186522482,riyadh
2019-12-29,0.24099017611580706,riyadh
2019-12-30,0.2511378696147845,riyadh
2019-12-31,0.24649877190499464,riyadh
2020-01-01,0.2408948558833166,riyadh
2020-01-02,0.24090408426978518,riyadh
2020-01-03,0.2723596023340089,riyadh
2020-01-04,0.2313915559712895,riyadh
2020-01-05,0.2500219115848065,riyadh
2020-01-06,0.24124050039283182,riyadh
2020-01-07,0.2500659295324604,riyadh
2020-01-08,0.22996636049789565,riyadh
2020-01-09,0.24647837146454737,riyadh
2020-01-10,0.23871786683681723,riyadh
2020-01-11,0.24532512337785828,riyadh
2020-01-12,0.22656518165251707,riyadh
2020-01-13,0.22912244635710216,riyadh
2020-01-14,0.24150742962793037,riyadh
2020-01-15,0.23827403916840678,riyadh
2020-01-16,0.25146052380786826,riyadh
2020-01-17,0.23887945626467763,riyadh
2020-01-18,0.21935068591292842,riyadh
2020-01-19,0.2481536764646967,riyadh
2020-01-20,0.2416029236513423,riyadh
2020-01-21,0.25985668334532125,riyadh
2020-01-22,0.24944460874230287,riyadh
2020-01-23,0.24152633452931976,riyadh
2020-01-24,0.24145121202455397,riyadh
2020-01-25,0.24549589620522239,riyadh
2020-01-26,0.2644524011514391,riyadh
2020-01-27,0.24082743907515922,riyadh
2020-01-28,0.25202833157984433,riyadh
2020-01-29,0.2806990687578411,riyadh
2020-01-30,0.2954255417797139,riyadh
2020-01-31,0.24465736730350746,riyadh
2020-02-01,0.2427070117348581,riyadh
2020-02-02,0.23260719259781568,riyadh
2020-02-03,0.24032501055953,riyadh
2020-02-04,0.2583274406462697,riyadh
2020-02-05,0.24454191206621567,riyadh
2020-02-06,0.25808696895261024,riyadh
2020-02-07,0.2496067880133941,riyadh
2020-02-08,0.2532602699088156,riyadh
2020-02-09,0.25421773701788647,riyadh
2020-02-10,0.2446991362634675,riyadh
2020-02-11,0.258200836804369,riyadh
2020-02-12,0.296257191843659,riyadh
2020-02-13,0.24665468542708807,riyadh
2020-02-14,0.2573719469197121,riyadh
2020-02-15,0.2811108732741784,riyadh
2020-02-16,0.2567404297000321,riyadh
2020-02-17,0.25552111916791553,riyadh
2020-02-18,0.25968162317777516,riyadh
2020-02-19,0.2488424274685491,riyadh
2020-02-20,0.2566555461880912,riyadh
2020-02-21,0.2687602906969051,riyadh
2020-02-22,0.2697407609503685,riyadh
2020-02-23,0.2563092183924237,riyadh
2020-02-24,0.2536460290369252,riyadh
2020-02-25,0.2515672064163044,riyadh
2020-02-26,0.24244739104931384,riyadh
2020-02-27,0.2745159252634348,riyadh
2020-02-28,0.26319666617208237,riyadh
2020-02-29,0.3093805748742641,riyadh
2020-03-01,0.25684841860004726,riyadh
2020-03-02,0.25210267793833624,riyadh
2020-03-03,0.2700285429729207,riyadh
2020-03-04,0.2596809647626639,riyadh
2020-03-05,0.26118788782193797,riyadh
2020-03-06,0.27178475217624176,riyadh
2020-03-07,0.2694751485061122,riyadh
2020-03-08,0.2785809066093966,riyadh
2020-03-09,0.28850962060216506,riyadh
2020-03-10,0.28285255677869525,riyadh
2020-03-11,0.25988915806494656,riyadh
2020-03-12,0.26555342150269895,riyadh
2020-03-13,0.2613536741358578,riyadh
2020-03-14,0.25989867483447654,riyadh
2020-03-15,0.27435483834542557,riyadh
2020-03-16,0.2701858601973655,riyadh
2020-03-17,0.26155512271357456,riyadh
2020-03-18,0.2634438476517206,riyadh
2020-03-19,0.2778931607905855,riyadh
2020-03-20,0.27624161655667245,riyadh
2020-03-21,0.2550466311736993,riyadh
2020-03-22,0.26885152142923474,riyadh
2020-03-23,0.27850795638805553,riyadh
2020-03-24,0.2799510713496135,riyadh
2020-03-25,0.27386560267681953,riyadh
2020-03-26,0.27736025503971584,riyadh
2020-03-27,0.27075380878534916,riyadh
2020-03-28,0.2871492744622846,riyadh
2020-03-29,0.2866634887218155,riyadh
2020-03-30,0.28221577249425883,riyadh
2020-03-31,0.284677342711122,riyadh
2020-04-01,0.28042468716184027,riyadh
2020-04-02,0.2659947547203403,riyadh
2020-04-03,0.27097818193563333,riyadh
2020-04-04,0.2865512723623491,riyadh
2020-04-05,0.286751506621781,riyadh
2020-04-06,0.2798310144427166,riyadh
2020-04-07,0.2806562994592262,riyadh
2020-04-08,0.2767473163956442,riyadh
2020-04-09,0.29302967928709905,riyadh
2020-04-10,0.2946147863818948,riyadh
2020-04-11,0.2871899023278329,riyadh
2020-04-12,0.2885449024925916,riyadh
2020-04-13,0.2948303166807789,riyadh
2020-04-14,0.29682210841225104,riyadh
2020-04-15,0.2905945780215464,riyadh
2020-04-16,0.30056081620269093,riyadh
2020-04-17,0.2861564920210583,riyadh
2020-04-18,0.3001032349589995,riyadh
2020-04-19,0.32035381835931226,riyadh
2020-04-20,0.3029681934552181,riyadh
2020-04-21,0.2966458515184627,riyadh
2020-04-22,0.35168266114061064,riyadh
2020-04-23,0.31074185209869437,riyadh
2020-04-24,0.30788102654327787,riyadh
2020-04-25,0.2934215514399458,riyadh
2020-04-26,0.30726453526380254,riyadh
2020-04-27,0.29108858142283073,riyadh
2020-04-28,0.28723749593592524,riyadh
2020-04-29,0.2925357040192099,riyadh
2020-04-30,0.3013816358326004,riyadh
2020-05-01,0.312750843160952,riyadh
2020-05-02,0.30013892494982186,riyadh
2020-05-03,0.29158947934733465,riyadh
2020-05-04,0.3089962533228468,riyadh
2020-05-05,0.31339934307511186,riyadh
2020-05-06,0.29682487560962373,riyadh
2020-05-07,0.2966548031059947,riyadh
2020-05-08,0.33088181358728735,riyadh
2020-05-09,0.30218293566145427,riyadh
2020-05-10,0.3122642912636136,riyadh
2020-05-11,0.30927134018720626,riyadh
2020-05-12,0.29233081194301835,riyadh
2020-05-13,0.2995190924344726,riyadh
2020-05-14,0.31186515064790354,riyadh
2020-05-15,0.34745976619018015,riyadh
2020-05-16,0.306236048630957,riyadh
2020-05-17,0.3096625558561475,riyadh
2020-05-18,0.30695123681588055,riyadh
2020-05-19,0.3174012718182715,riyadh
2020-05-20,0.3067302873078379,riyadh
2020-05-21,0.3487434458427413,riyadh
2020-05-22,0.32165943755625226,riyadh
2020-05-23,0.31835434114229044,riyadh
2020-05-24,0.3069516495566398,riyadh
2020-05-25,0.29761292188757393,riyadh
2020-05-26,0.2974595381274395,riyadh
2020-05-27,0.3002444297017337,riyadh
2020-05-28,0.3125480392271567,riyadh
2020-05-29,0.31274500479305056,riyadh
2020-05-30,0.3229173666626747,riyadh
2020-05-31,0.32418825888794195,riyadh
2020-06-01,0.3114557296408374,riyadh
2020-06-02,0.34546093876282696,riyadh
2020-06-03,0.3274154992021969,riyadh
2020-06-04,0.3099906603934442,riyadh
2020-06-05,0.3097195389893151,riyadh
2020-06-06,0.2881817539908493,riyadh
2020-06-07,0.30968080324202446,riyadh
2020-06-08,0.29567231681963135,riyadh
2020-06-09,0.31433122095557686,riyadh
2020-06-10,0.3093089883896916,riyadh
2020-06-11,0.3166602794217113,riyadh
2020-06-12,0.32491980933426545,riyadh
2020-06-13,0.3763690553913848,riyadh
2020-06-14,0.3242618353574284,riyadh
2020-06-15,0.32325073406054083,riyadh
2020-06-16,0.3220266087415561,riyadh
2020-06-17,0.30887819406559686,riyadh
2020-06-18,0.3097138915856781,riyadh
2020-06-19,0.3136373432720275,riyadh
2020-06-20,0.3359298564233701,riyadh
2020-06-21,0.3274560580548699,riyadh
2020-06-22,0.3095711926936982,riyadh
2020-06-23,0.31980659514017357,riyadh
2020-06-24,0.3214860306420503,riyadh
2020-06-25,0.3256879343116574,riyadh
2020-06-26,0.33918605237986016,riyadh
2020-06-27,0.32713818218627533,riyadh
2020-06-28,0.3372060488942211,riyadh
2020-06-29,0.316282531873021,riyadh
2020-06-30,0.31383867321578357,riyadh
2020-07-01,0.3287943333083841,riyadh
2020-07-02,0.32510715602120205,riyadh
2020-07-03,0.3460806743560235,riyadh
2020-07-04,0.3219747265611442,riyadh
2020-07-05,0.33205433661806827,riyadh
2020-07-06,0.3359214929408822,riyadh
2020-07-07,0.32365327576006636,riyadh
2020-07-08,0.32368383323456207,riyadh
2020-07-09,0.31016903610227775,riyadh
2020-07-10,0.3336170384464546,riyadh
2020-07-11,0.3063212317842576,riyadh
2020-07-12,0.3118137186009469,riyadh
2020-07-13,0.3306767865156911,riyadh
2020-07-14,0.3097113230273209,riyadh
2020-07-15,0.3297733105773008,riyadh
2020-07-16,0.3809756327295619,riyadh
2020-07-17,0.3105289420242081,riyadh
2020-07-18,0.3173211710012926,riyadh
2020-07-19,0.3468324689842466,riyadh
2020-07-20,0.3269787850417324,riyadh
2020-07-21,0.3166145193786329,riyadh
2020-07-22,0.3230503921929016,riyadh
2020-07-23,0.3183185834330305,riyadh
2020-07-24,0.33424204549949127,riyadh
2020-07-25,0.3131237095670985,riyadh
2020-07-26,0.3189527595008518,riyadh
2020-07-27,0.31710634786771236,riyadh
2020-07-28,0.3252179055003235,riyadh
2020-07-29,0.3094941333253958,riyadh
2020-07-30,0.31823600465201374,riyadh
2020-07-31,0.36835634548224827,riyadh
2020-08-01,0.32426226853306,riyadh
2020-08-02,0.3142277379521699,riyadh
2020-08-03,0.32387853512714077,riyadh
2020-08-04,0.31177969217043516,riyadh
2020-08-05,0.31661093186996075,riyadh
2020-08-06,0.314872173620777,riyadh
2020-08-07,0.30547153125415843,riyadh
2020-08-08,0.31349075103442176,riyadh
2020-08-09,0.3070187097799758,riyadh
2020-08-10,0.3041649147699456,riyadh
2020-08-11,0.3437037498078463,riyadh
2020-08-12,0.32542204815250253,riyadh
2020-08-13,0.3095859782659866,riyadh
2020-08-14,0.3149251479297393,riyadh
2020-08-15,0.3024462391026893,riyadh
2020-08-16,0.3122016311355108,riyadh
2020-08-17,0.30363476144228363,riyadh
2020-08-18,0.2999350044322262,riyadh
2020-08-19,0.3534174117665759,riyadh
2020-08-20,0.3123485012317418,riyadh
2020-08-21,0.29948016456272464,riyadh
2020-08-22,0.30356514130649964,riyadh
2020-08-23,0.3126469367180223,riyadh
2020-08-24,0.3110065604472641,riyadh
2020-08-25,0.3145294090192153,riyadh
2020-08-26,0.3006227262273315,riyadh
2020-08-27,0.2970988300004306,riyadh
2020-08-28,0.3231612653688617,riyadh
2020-08-29,0.34433382100464766,riyadh
2020-08-30,0.3053525593666078,riyadh
2020-08-31,0.3034654310390586,riyadh
2020-09-01,0.29387703078339106,riyadh
2020-09-02,0.2846071159048892,riyadh
2020-09-03,0.3032500149105003,riyadh
2020-09-04,0.3024304530410918,riyadh
2020-09-05,0.2995183640146641,riyadh
2020-09-06,0.2916767585290018,riyadh
2020-09-07,0.297053169347429,riyadh
2020-09-08,0.299502636764553,riyadh
2020-09-09,0.2991844135069286,riyadh
2020-09-10,0.2998135246051824,riyadh
2020-09-11,0.3003697370189353,riyadh
2020-09-12,0.2943046649139436,riyadh
2020-09-13,0.29135891968734035,riyadh
2020-09-14,0.278792040327904,riyadh
2020-09-15,0.28706445678656733,riyadh
2020-09-16,0.3176107313936001,riyadh
2020-09-17,0.29390893473365387,riyadh
2020-09-18,0.2799528812153635,riyadh
2020-09-19,0.2777572754588379,riyadh
2020-09-20,0.27888709435782383,riyadh
2020-09-21,0.29259148551414615,riyadh
2020-09-22,0.2997003784975795,riyadh
2020-09-23,0.2832789955534906,riyadh
2020-09-24,0.28058077154990096,riyadh
2020-09-25,0.2834730820773637,riyadh
2020-09-26,0.27221487775371345,riyadh
2020-09-27,0.2962595011784891,riyadh
2020-09-28,0.3329713321869269,riyadh
2020-09-29,0.28634460599550987,riyadh
2020-09-30,0.27926815122208787,riyadh
2020-10-01,0.28654587444861307,riyadh
2020-10-02,0.27402718621881716,riyadh
2020-10-03,0.28212146630529006,riyadh
2020-10-04,0.27867923137101724,riyadh
2020-10-05,0.27589508671640783,riyadh
2020-10-06,0.28801656395051267,riyadh
2020-10-07,0.2795212703166285,riyadh
2020-10-08,0.28561054141554154,riyadh
2020-10-09,0.26833850296867323,riyadh
2020-10-10,0.31979852115485125,riyadh
2020-10-11,0.27120232857343934,riyadh
2020-10-12,0.2659116407511442,riyadh
2020-10-13,0.2664666969607441,riyadh
2020-10-14,0.26451468730671307,riyadh
2020-10-15,0.2648324480811802,riyadh
2020-10-16,0.28266072825217875,riyadh
2020-10-17,0.268055669517961,riyadh
2020-10-18,0.26231197665730077,riyadh
2020-10-19,0.3039062225696344,riyadh
2020-10-20,0.26775654941314436,riyadh
2020-10-21,0.25814283002980054,riyadh
2020-10-22,0.26128965503755874,riyadh
2020-10-23,0.2635379135728394,riyadh
2020-10-24,0.26513270231161656,riyadh
2020-10-25,0.3180998891709951,riyadh
2020-10-26,0.25790513623968025,riyadh
2020-10-27,0.25353792521812907,riyadh
2020-10-28,0.24449742133113095,riyadh
2020-10-29,0.25253691651895854,riyadh
2020-10-30,0.27031934704668265,riyadh
2020-10-31,0.24918162373998534,riyadh
2020-11-01,0.256299617727442,riyadh
2020-11-02,0.28469560283412426,riyadh
2020-11-03,0.26074085363038413,riyadh
2020-11-04,0.3034754819716165,riyadh
2020-11-05,0.2573674227228552,riyadh
2020-11-06,0.25137064703893836,riyadh
2020-11-07,0.26004596704036753,riyadh
2020-11-08,0.24694474846761819,riyadh
2020-11-09,0.2889291579947807,riyadh
2020-11-10,0.24721588973638117,riyadh
2020-11-11,0.25517449785035146,riyadh
2020-11-12,0.24501371408529665,riyadh
2020-11-13,0.3029267412701911,riyadh
2020-11-14,0.24591370365618404,riyadh
2020-11-15,0.2606476651862767,riyadh
2020-11-16,0.24670220510830465,riyadh
2020-11-17,0.25955410354116576,riyadh
2020-11-18,0.26134176815096277,riyadh
2020-11-19,0.2532634517850983,riyadh
2020-11-20,0.2493888156895673,riyadh
2020-11-21,0.23742004234519282,riyadh
2020-11-22,0.26565766405265423,riyadh
2020-11-23,0.24243777482203266,riyadh
2020-11-24,0.2518051781563536,riyadh
2020-11-25,0.23988387429543112,riyadh
2020-11-26,0.2554643496417618,riyadh
2020-11-27,0.2565985835337452,riyadh
2020-11-28,0.24049745614388185,riyadh
2020-11-29,0.24832787895467137,riyadh
2020-11-30,0.24726577895409071,riyadh
2020-12-01,0.245125921185504,riyadh
2020-12-02,0.2397684890597294,riyadh
2020-12-03,0.24272675881381622,riyadh
2020-12-04,0.2326166112112982,riyadh
2020-12-05,0.24875332087348756,riyadh
2020-12-06,0.25774479742478773,riyadh
2020-12-07,0.25643459658211776,riyadh
2020-12-08,0.24358780546915565,riyadh
2020-12-09,0.25421080329697227,riyadh
2020-12-10,0.25654142534289476,riyadh
2020-12-11,0.23255294057817202,riyadh
2020-12-12,0.2382109255335506,riyadh
2020-12-13,0.23233523247663876,riyadh
2020-12-14,0.2597735719851674,riyadh
2020-12-15,0.23713923655973457,riyadh
2020-12-16,0.23936378296433378,riyadh
2020-12-17,0.24199049088164967,riyadh
2020-12-18,0.2319955502333619,riyadh
2020-12-19,0.2461343611402639,riyadh
2020-12-20,0.24321442402497928,riyadh
2020-12-21,0.2883058742931252,riyadh
2020-12-22,0.22912898826754494,riyadh
2020-12-23,0.23433588968416827,riyadh
2020-12-24,0.22738077464023676,riyadh
2020-12-25,0.23824662352599255,riyadh
2020-12-26,0.2372390078449303,riyadh
2020-12-27,0.23997650396629885,riyadh
2020-12-28,0.24423835850065445,riyadh
2020-12-29,0.24566639892661013,riyadh
2020-12-30,0.2484845704713317,riyadh
2020-12-31,0.24068274207903925,riyadh
